# ************************************************************
# Sequel Pro SQL dump
# Version 4541
#
# http://www.sequelpro.com/
# https://github.com/sequelpro/sequelpro
#
# Host: app.mioranetwork.com (MySQL 5.5.5-10.3.38-MariaDB-0ubuntu0.20.04.1)
# Database: eshoes
# Generation Time: 2023-10-31 06:25:36 +0000
# ************************************************************


/*!40101 SET @OLD_CHARACTER_SET_CLIENT=@@CHARACTER_SET_CLIENT */;
/*!40101 SET @OLD_CHARACTER_SET_RESULTS=@@CHARACTER_SET_RESULTS */;
/*!40101 SET @OLD_COLLATION_CONNECTION=@@COLLATION_CONNECTION */;
/*!40101 SET NAMES utf8 */;
/*!40014 SET @OLD_FOREIGN_KEY_CHECKS=@@FOREIGN_KEY_CHECKS, FOREIGN_KEY_CHECKS=0 */;
/*!40101 SET @OLD_SQL_MODE=@@SQL_MODE, SQL_MODE='NO_AUTO_VALUE_ON_ZERO' */;
/*!40111 SET @OLD_SQL_NOTES=@@SQL_NOTES, SQL_NOTES=0 */;


# Dump of table banner
# ------------------------------------------------------------

DROP TABLE IF EXISTS `banner`;

CREATE TABLE `banner` (
  `banner_idx` int(11) unsigned NOT NULL AUTO_INCREMENT,
  `tenant_idx` int(11) NOT NULL DEFAULT 0,
  `banner_name` varchar(50) NOT NULL,
  `banner_image` varchar(100) NOT NULL,
  `position` varchar(10) NOT NULL,
  `status` enum('ON','OFF') NOT NULL,
  `created_at` datetime NOT NULL DEFAULT current_timestamp(),
  `updated_at` datetime DEFAULT NULL,
  `deleted_at` datetime DEFAULT NULL,
  PRIMARY KEY (`banner_idx`)
) ENGINE=InnoDB DEFAULT CHARSET=latin1 COLLATE=latin1_swedish_ci;

LOCK TABLES `banner` WRITE;
/*!40000 ALTER TABLE `banner` DISABLE KEYS */;

INSERT INTO `banner` (`banner_idx`, `tenant_idx`, `banner_name`, `banner_image`, `position`, `status`, `created_at`, `updated_at`, `deleted_at`)
VALUES
	(1,0,'home-page-top-banner-01','banner1.jpg','BANNER 1','ON','2023-09-25 12:22:36',NULL,NULL),
	(2,1,'banner tenant1','2.jpg','BOTTOM','ON','2023-09-25 15:44:49',NULL,'2023-10-02 03:42:19'),
	(3,1,'banner_tenant_01-a','slide-beranda-03.jpg','BANNER 1','ON','2023-10-02 10:42:05',NULL,'2023-10-23 18:10:15'),
	(4,1,'banner_tenant_01-b','slide-beranda-02.jpg','BANNER 1','ON','2023-10-02 10:44:42',NULL,'2023-10-23 18:12:37'),
	(5,1,'banner_tenant_01-c','slide-beranda-01.jpg','BANNER 1','ON','2023-10-02 10:45:28',NULL,'2023-10-23 18:09:47'),
	(6,1,'banner_tenant_04','slide-04.jpg','BANNER 1','ON','2023-10-02 10:47:23',NULL,'2023-10-02 10:00:43'),
	(7,1,'banner_tenant_02-a','slide-beranda-05.jpg','BANNER 2','ON','2023-10-02 17:05:16',NULL,'2023-10-23 18:10:21'),
	(8,1,'banner_tenant_02-b','slide-beranda-04.jpg','BANNER 2','ON','2023-10-02 17:07:31',NULL,'2023-10-23 18:12:42'),
	(9,1,'banner_tenant_02-c','slide-beranda-06.jpg','BANNER 2','ON','2023-10-02 17:08:44',NULL,'2023-10-23 18:11:24'),
	(10,1,'banner_tenant_03-a','slide-beranda-07.jpg','BANNER 3','ON','2023-10-02 17:09:31',NULL,'2023-10-23 18:11:19'),
	(11,1,'banner_tenant_03-b','slide-beranda-08.jpg','BANNER 3','ON','2023-10-02 17:09:57',NULL,'2023-10-23 18:12:39'),
	(12,1,'banner_tenant_03-c','slide-beranda-09.jpg','BANNER 3','ON','2023-10-02 17:10:24',NULL,'2023-10-23 18:10:05'),
	(13,1,'banner_tenant_04-a','slide-col-three_03.jpg','BANNER 4','ON','2023-10-02 17:12:20',NULL,'2023-10-23 18:10:00'),
	(14,1,'banner_tenant_05-a','slide-col-three_02.jpg','BANNER 5','ON','2023-10-02 17:12:49',NULL,'2023-10-23 18:09:56'),
	(15,1,'banner_tenant_06-a','slide-col-three_01.jpg','BANNER 6','ON','2023-10-02 17:14:38',NULL,'2023-10-23 18:09:53'),
	(16,0,'home-page-top-banner-02','slide-01.jpg','BANNER 1','ON','2023-10-03 11:26:35',NULL,NULL),
	(17,0,'home-page-top-banner-03','slide-02.jpg','BANNER 1','ON','2023-10-03 11:27:27',NULL,NULL),
	(18,3,'Banner-01-a','slide-beranda-01.jpg','BANNER 1','ON','2023-10-03 15:19:46',NULL,NULL),
	(19,3,'Banner-01-b','slide-beranda-02.jpg','BANNER 1','ON','2023-10-03 15:20:47',NULL,NULL),
	(20,3,'Banner-01-c','slide-beranda-03.jpg','BANNER 1','ON','2023-10-03 15:21:13',NULL,NULL),
	(21,3,'Banner-02-a','slide-beranda-04.jpg','BANNER 2','ON','2023-10-03 15:21:52',NULL,NULL),
	(22,3,'Banner-02-b','slide-beranda-05.jpg','BANNER 2','ON','2023-10-03 15:22:29',NULL,NULL),
	(23,3,'Banner-02-c','slide-beranda-06.jpg','BANNER 2','ON','2023-10-03 15:23:04',NULL,NULL),
	(24,3,'Banner-03-a','slide-beranda-07.jpg','BANNER 3','ON','2023-10-03 15:24:06',NULL,NULL),
	(25,3,'Banner-03-b','slide-beranda-08.jpg','BANNER 3','ON','2023-10-03 15:24:28',NULL,NULL),
	(26,3,'Banner-03-c','slide-beranda-09.jpg','BANNER 3','ON','2023-10-03 15:25:00',NULL,NULL),
	(27,3,'Banner-04','slide-col-three_03.jpg','BANNER 4','ON','2023-10-03 15:25:30',NULL,NULL),
	(28,3,'Banner-05','slide-col-three_01.jpg','BANNER 5','ON','2023-10-03 15:25:57',NULL,NULL),
	(29,3,'Banner-06','slide-col-three_02.jpg','BANNER 6','ON','2023-10-03 15:26:29',NULL,NULL),
	(30,5,'Banner-Patrobas-01-a','slide-beranda-01.jpg','BANNER 1','ON','2023-10-03 16:49:57',NULL,NULL),
	(31,5,'Banner-Patrobas-01-b','slide-beranda-02.jpg','BANNER 1','ON','2023-10-03 16:50:25',NULL,NULL),
	(32,5,'Banner-Patrobas-01-c','slide-beranda-03.jpg','BANNER 1','ON','2023-10-03 16:50:50',NULL,NULL),
	(33,5,'Banner-Patrobas-02-a','slide-beranda-04.jpg','BANNER 2','ON','2023-10-03 16:51:29',NULL,NULL),
	(34,5,'Banner-Patrobas-02-b','slide-beranda-05.jpg','BANNER 2','ON','2023-10-03 16:51:58',NULL,NULL),
	(35,5,'Banner-Patrobas-02-c','slide-beranda-06.jpg','BANNER 2','ON','2023-10-03 16:52:25',NULL,NULL),
	(36,5,'Banner-Patrobas-03-a','slide-beranda-07.jpg','BANNER 3','ON','2023-10-03 16:52:52',NULL,NULL),
	(37,5,'Banner-Patrobas-03-b','slide-beranda-08.jpg','BANNER 3','ON','2023-10-03 16:53:14',NULL,NULL),
	(38,5,'Banner-Patrobas-03-c','slide-beranda-09.jpg','BANNER 3','ON','2023-10-03 16:53:37',NULL,NULL),
	(39,5,'Banner-Patrobas-04','slide-col-three_03.jpg','BANNER 4','ON','2023-10-03 16:54:25',NULL,NULL),
	(40,5,'Banner-Patrobas-05','slide-col-three_01.jpg','BANNER 5','ON','2023-10-03 16:54:45',NULL,NULL),
	(41,5,'Banner-Patrobas-06','slide-col-three_02.jpg','BANNER 6','ON','2023-10-03 16:55:12',NULL,NULL),
	(42,11,'ultra ekiden','ULTRA EKIDEN CORPORATE.jpg','BANNER 1','ON','2023-10-17 11:26:30',NULL,NULL),
	(43,11,'banner 6','haze-banner copy.jpg','BANNER 6','ON','2023-10-17 21:39:00',NULL,NULL),
	(44,11,'banner 5','hanna-banner.jpg','BANNER 5','ON','2023-10-17 21:40:45',NULL,NULL),
	(45,11,'banner 4','haze-banner2.jpg','BANNER 4','ON','2023-10-17 21:43:07',NULL,NULL),
	(46,11,'banner-1','banner-2.jpg','BANNER 1','ON','2023-10-17 21:49:05',NULL,'2023-10-17 14:55:09'),
	(47,11,'BANNER-ATAS','HAZE-BANNER-ATAS.jpg','BANNER 1','ON','2023-10-17 21:55:40',NULL,NULL),
	(48,0,'jokowi banner','jokowi-banner.jpg','BANNER 1','ON','2023-10-18 18:25:26',NULL,'2023-10-18 11:28:24'),
	(49,1,'35 tahun','banner-1.jpg','BANNER 1','ON','2023-10-24 01:11:58',NULL,NULL),
	(50,1,'promo','banner-2.jpg','BANNER 2','ON','2023-10-24 01:15:50',NULL,'2023-10-23 18:15:55'),
	(51,1,'promo 50%','banner-2.jpg','BANNER 1','ON','2023-10-24 01:16:21',NULL,'2023-10-23 18:17:06'),
	(52,1,'promo diskon','banner-buccheri-2.jpg','BANNER 2','ON','2023-10-24 01:17:46',NULL,NULL),
	(53,1,'atas 1','banner-buccheri-atas1.jpg','BANNER 1','ON','2023-10-24 01:19:41',NULL,NULL),
	(54,1,'buccheri banner 3','banner-buccheri-3.jpg','BANNER 3','ON','2023-10-24 01:21:26',NULL,NULL),
	(55,1,'banner aggie','banner-buccheri-atas-aggie.jpg','BANNER 1','ON','2023-10-24 01:24:42',NULL,NULL);

/*!40000 ALTER TABLE `banner` ENABLE KEYS */;
UNLOCK TABLES;


# Dump of table category
# ------------------------------------------------------------

DROP TABLE IF EXISTS `category`;

CREATE TABLE `category` (
  `category_idx` int(11) unsigned NOT NULL AUTO_INCREMENT,
  `parent_idx` int(11) DEFAULT 0,
  `category_name` varchar(100) NOT NULL DEFAULT '',
  `category_slug` varchar(100) DEFAULT '',
  `category_image` varchar(255) DEFAULT NULL,
  `created_at` datetime NOT NULL DEFAULT current_timestamp(),
  `updated_at` datetime DEFAULT NULL,
  `deleted_at` datetime DEFAULT NULL,
  PRIMARY KEY (`category_idx`)
) ENGINE=InnoDB DEFAULT CHARSET=latin1 COLLATE=latin1_swedish_ci;

LOCK TABLES `category` WRITE;
/*!40000 ALTER TABLE `category` DISABLE KEYS */;

INSERT INTO `category` (`category_idx`, `parent_idx`, `category_name`, `category_slug`, `category_image`, `created_at`, `updated_at`, `deleted_at`)
VALUES
	(1,0,'Sepatu Pria','sepatu-pria','sepatu-pria.jpg','2023-09-10 15:02:07',NULL,NULL),
	(2,0,'Sepatu Wanita','sepatu-wanita','women-shoes.jpg','2023-09-10 15:02:48',NULL,NULL),
	(3,0,'Sepatu Anak Laki-Laki','sepatu-anak-laki-laki','sepatu-anak-pria-kategori.jpg','2023-09-10 15:02:59',NULL,NULL),
	(4,0,'Sepatu Anak Perempuan','sepatu-anak-perempuan','sepatu-anak-perempuan-kategori.jpg','2023-09-10 15:03:07',NULL,NULL),
	(5,1,'Sepatu Sport Pria','sepatu-sport-pria','sepatu-sport-pria.jpg','2023-09-19 12:16:59',NULL,NULL),
	(6,1,'Sepatu Sneaker Pria','sepatu-sneaker-pria','sepatu-anak-perempuan.jpg','2023-10-01 14:22:47',NULL,NULL),
	(7,1,'Sepatu Booth Pria','sepatu-booth-pria','sepatu-anak-perempuan.jpg','2023-10-01 14:22:58',NULL,NULL),
	(8,1,'Sepatu Casual Pria','sepatu-casual-pria','sepatu-casual-pria.jpg','2023-10-01 14:31:05',NULL,NULL),
	(9,1,'Sepatu PDH Pria','sepatu-pdh-pria','sepatu-pdh-pria.jpg','2023-10-01 14:31:21',NULL,NULL),
	(10,1,'Sepatu PDL Pria','sepatu-pdl-pria','sepatu-anak-perempuan.jpg','2023-10-01 14:31:29',NULL,NULL),
	(11,2,'Sepatu Sport Wanita','sepatu-sport-wanita','sepatu-anak-perempuan.jpg','2023-10-01 14:31:36',NULL,NULL),
	(12,2,'Sepatu Sneaker Wanita','sepatu-sneaker-wanita','sepatu-anak-perempuan.jpg','2023-10-01 14:31:36',NULL,NULL),
	(13,2,'Sepatu Booth Wanita','sepatu-booth-wanita','sepatu-anak-perempuan.jpg','2023-10-01 14:31:36',NULL,NULL),
	(14,2,'Sepatu Casual Wanita','sepatu-casual-wanita','sepatu-anak-perempuan.jpg','2023-10-01 14:31:36',NULL,NULL),
	(15,2,'Sepatu PDH Wanita','sepatu-pdh-wanita','sepatu-anak-perempuan.jpg','2023-10-01 14:31:36',NULL,NULL),
	(16,2,'Sepatu PDL Wanita','sepatu-pdl-wanita','sepatu-anak-perempuan.jpg','2023-10-01 14:31:36',NULL,NULL),
	(17,3,'Sepatu Sport Boys','sepatu-sport-boys','sepatu-anak-perempuan.jpg','2023-10-01 14:31:36',NULL,NULL),
	(18,3,'Sepatu Sneaker Boys','sepatu-sneaker-boys','sepatu-anak-perempuan.jpg','2023-10-01 14:31:36',NULL,NULL),
	(19,3,'Sepatu Booth Boys','sepatu-booth-boys','sepatu-anak-perempuan.jpg','2023-10-01 14:31:36',NULL,NULL),
	(20,3,'Sepatu Casual Boys','sepatu-casual-boys','sepatu-casual-pria.jpg','2023-10-01 14:31:36',NULL,NULL),
	(21,3,'Sepatu PDH Boys','sepatu-pdh-boys','sepatu-anak-perempuan.jpg','2023-10-01 14:31:36',NULL,NULL),
	(22,3,'Sepatu PDL Boys','sepatu-pdl-boys','sepatu-anak-perempuan.jpg','2023-10-01 14:31:36',NULL,NULL),
	(23,4,'Sepatu Sport Daughter','sepatu-sport-daughter','sepatu-anak-perempuan.jpg','2023-10-01 14:31:36',NULL,NULL),
	(24,4,'Sepatu Sneaker Daughter','sepatu-sneaker-daughter','sepatu-anak-perempuan.jpg','2023-10-01 14:31:36',NULL,NULL),
	(25,4,'Sepatu Booth Daughter','sepatu-booth-daughter','sepatu-anak-perempuan.jpg','2023-10-01 14:31:36',NULL,NULL),
	(26,4,'Sepatu Casual Daughter','sepatu-casual-daughter','sepatu-anak-perempuan.jpg','2023-10-01 14:31:36',NULL,NULL),
	(27,4,'Sepatu PDH Daughter','sepatu-pdh-daughter','sepatu-anak-perempuan.jpg','2023-10-01 14:31:36',NULL,NULL),
	(28,4,'Sepatu PDL Daughter','sepatu-pdl-daughter','sepatu-olahraga-phylon.jpg','2023-10-01 14:31:36',NULL,NULL);

/*!40000 ALTER TABLE `category` ENABLE KEYS */;
UNLOCK TABLES;


# Dump of table city
# ------------------------------------------------------------

DROP TABLE IF EXISTS `city`;

CREATE TABLE `city` (
  `city_idx` int(11) unsigned NOT NULL AUTO_INCREMENT,
  `province_idx` int(11) NOT NULL,
  `province` varchar(255) NOT NULL DEFAULT '',
  `type` varchar(255) NOT NULL DEFAULT '',
  `city_name` varchar(255) NOT NULL DEFAULT '',
  `postal_code` varchar(6) NOT NULL DEFAULT '',
  PRIMARY KEY (`city_idx`)
) ENGINE=InnoDB DEFAULT CHARSET=utf8 COLLATE=utf8_general_ci;

LOCK TABLES `city` WRITE;
/*!40000 ALTER TABLE `city` DISABLE KEYS */;

INSERT INTO `city` (`city_idx`, `province_idx`, `province`, `type`, `city_name`, `postal_code`)
VALUES
	(1,21,'Nanggroe Aceh Darussalam (NAD)','Kabupaten','Aceh Barat','23681'),
	(2,21,'Nanggroe Aceh Darussalam (NAD)','Kabupaten','Aceh Barat Daya','23764'),
	(3,21,'Nanggroe Aceh Darussalam (NAD)','Kabupaten','Aceh Besar','23951'),
	(4,21,'Nanggroe Aceh Darussalam (NAD)','Kabupaten','Aceh Jaya','23654'),
	(5,21,'Nanggroe Aceh Darussalam (NAD)','Kabupaten','Aceh Selatan','23719'),
	(6,21,'Nanggroe Aceh Darussalam (NAD)','Kabupaten','Aceh Singkil','24785'),
	(7,21,'Nanggroe Aceh Darussalam (NAD)','Kabupaten','Aceh Tamiang','24476'),
	(8,21,'Nanggroe Aceh Darussalam (NAD)','Kabupaten','Aceh Tengah','24511'),
	(9,21,'Nanggroe Aceh Darussalam (NAD)','Kabupaten','Aceh Tenggara','24611'),
	(10,21,'Nanggroe Aceh Darussalam (NAD)','Kabupaten','Aceh Timur','24454'),
	(11,21,'Nanggroe Aceh Darussalam (NAD)','Kabupaten','Aceh Utara','24382'),
	(12,32,'Sumatera Barat','Kabupaten','Agam','26411'),
	(13,23,'Nusa Tenggara Timur (NTT)','Kabupaten','Alor','85811'),
	(14,19,'Maluku','Kota','Ambon','97222'),
	(15,34,'Sumatera Utara','Kabupaten','Asahan','21214'),
	(16,24,'Papua','Kabupaten','Asmat','99777'),
	(17,1,'Bali','Kabupaten','Badung','80351'),
	(18,13,'Kalimantan Selatan','Kabupaten','Balangan','71611'),
	(19,15,'Kalimantan Timur','Kota','Balikpapan','76111'),
	(20,21,'Nanggroe Aceh Darussalam (NAD)','Kota','Banda Aceh','23238'),
	(21,18,'Lampung','Kota','Bandar Lampung','35139'),
	(22,9,'Jawa Barat','Kabupaten','Bandung','40311'),
	(23,9,'Jawa Barat','Kota','Bandung','40111'),
	(24,9,'Jawa Barat','Kabupaten','Bandung Barat','40721'),
	(25,29,'Sulawesi Tengah','Kabupaten','Banggai','94711'),
	(26,29,'Sulawesi Tengah','Kabupaten','Banggai Kepulauan','94881'),
	(27,2,'Bangka Belitung','Kabupaten','Bangka','33212'),
	(28,2,'Bangka Belitung','Kabupaten','Bangka Barat','33315'),
	(29,2,'Bangka Belitung','Kabupaten','Bangka Selatan','33719'),
	(30,2,'Bangka Belitung','Kabupaten','Bangka Tengah','33613'),
	(31,11,'Jawa Timur','Kabupaten','Bangkalan','69118'),
	(32,1,'Bali','Kabupaten','Bangli','80619'),
	(33,13,'Kalimantan Selatan','Kabupaten','Banjar','70619'),
	(34,9,'Jawa Barat','Kota','Banjar','46311'),
	(35,13,'Kalimantan Selatan','Kota','Banjarbaru','70712'),
	(36,13,'Kalimantan Selatan','Kota','Banjarmasin','70117'),
	(37,10,'Jawa Tengah','Kabupaten','Banjarnegara','53419'),
	(38,28,'Sulawesi Selatan','Kabupaten','Bantaeng','92411'),
	(39,5,'DI Yogyakarta','Kabupaten','Bantul','55715'),
	(40,33,'Sumatera Selatan','Kabupaten','Banyuasin','30911'),
	(41,10,'Jawa Tengah','Kabupaten','Banyumas','53114'),
	(42,11,'Jawa Timur','Kabupaten','Banyuwangi','68416'),
	(43,13,'Kalimantan Selatan','Kabupaten','Barito Kuala','70511'),
	(44,14,'Kalimantan Tengah','Kabupaten','Barito Selatan','73711'),
	(45,14,'Kalimantan Tengah','Kabupaten','Barito Timur','73671'),
	(46,14,'Kalimantan Tengah','Kabupaten','Barito Utara','73881'),
	(47,28,'Sulawesi Selatan','Kabupaten','Barru','90719'),
	(48,17,'Kepulauan Riau','Kota','Batam','29413'),
	(49,10,'Jawa Tengah','Kabupaten','Batang','51211'),
	(50,8,'Jambi','Kabupaten','Batang Hari','36613'),
	(51,11,'Jawa Timur','Kota','Batu','65311'),
	(52,34,'Sumatera Utara','Kabupaten','Batu Bara','21655'),
	(53,30,'Sulawesi Tenggara','Kota','Bau-Bau','93719'),
	(54,9,'Jawa Barat','Kabupaten','Bekasi','17837'),
	(55,9,'Jawa Barat','Kota','Bekasi','17121'),
	(56,2,'Bangka Belitung','Kabupaten','Belitung','33419'),
	(57,2,'Bangka Belitung','Kabupaten','Belitung Timur','33519'),
	(58,23,'Nusa Tenggara Timur (NTT)','Kabupaten','Belu','85711'),
	(59,21,'Nanggroe Aceh Darussalam (NAD)','Kabupaten','Bener Meriah','24581'),
	(60,26,'Riau','Kabupaten','Bengkalis','28719'),
	(61,12,'Kalimantan Barat','Kabupaten','Bengkayang','79213'),
	(62,4,'Bengkulu','Kota','Bengkulu','38229'),
	(63,4,'Bengkulu','Kabupaten','Bengkulu Selatan','38519'),
	(64,4,'Bengkulu','Kabupaten','Bengkulu Tengah','38319'),
	(65,4,'Bengkulu','Kabupaten','Bengkulu Utara','38619'),
	(66,15,'Kalimantan Timur','Kabupaten','Berau','77311'),
	(67,24,'Papua','Kabupaten','Biak Numfor','98119'),
	(68,22,'Nusa Tenggara Barat (NTB)','Kabupaten','Bima','84171'),
	(69,22,'Nusa Tenggara Barat (NTB)','Kota','Bima','84139'),
	(70,34,'Sumatera Utara','Kota','Binjai','20712'),
	(71,17,'Kepulauan Riau','Kabupaten','Bintan','29135'),
	(72,21,'Nanggroe Aceh Darussalam (NAD)','Kabupaten','Bireuen','24219'),
	(73,31,'Sulawesi Utara','Kota','Bitung','95512'),
	(74,11,'Jawa Timur','Kabupaten','Blitar','66171'),
	(75,11,'Jawa Timur','Kota','Blitar','66124'),
	(76,10,'Jawa Tengah','Kabupaten','Blora','58219'),
	(77,7,'Gorontalo','Kabupaten','Boalemo','96319'),
	(78,9,'Jawa Barat','Kabupaten','Bogor','16911'),
	(79,9,'Jawa Barat','Kota','Bogor','16119'),
	(80,11,'Jawa Timur','Kabupaten','Bojonegoro','62119'),
	(81,31,'Sulawesi Utara','Kabupaten','Bolaang Mongondow (Bolmong)','95755'),
	(82,31,'Sulawesi Utara','Kabupaten','Bolaang Mongondow Selatan','95774'),
	(83,31,'Sulawesi Utara','Kabupaten','Bolaang Mongondow Timur','95783'),
	(84,31,'Sulawesi Utara','Kabupaten','Bolaang Mongondow Utara','95765'),
	(85,30,'Sulawesi Tenggara','Kabupaten','Bombana','93771'),
	(86,11,'Jawa Timur','Kabupaten','Bondowoso','68219'),
	(87,28,'Sulawesi Selatan','Kabupaten','Bone','92713'),
	(88,7,'Gorontalo','Kabupaten','Bone Bolango','96511'),
	(89,15,'Kalimantan Timur','Kota','Bontang','75313'),
	(90,24,'Papua','Kabupaten','Boven Digoel','99662'),
	(91,10,'Jawa Tengah','Kabupaten','Boyolali','57312'),
	(92,10,'Jawa Tengah','Kabupaten','Brebes','52212'),
	(93,32,'Sumatera Barat','Kota','Bukittinggi','26115'),
	(94,1,'Bali','Kabupaten','Buleleng','81111'),
	(95,28,'Sulawesi Selatan','Kabupaten','Bulukumba','92511'),
	(96,16,'Kalimantan Utara','Kabupaten','Bulungan (Bulongan)','77211'),
	(97,8,'Jambi','Kabupaten','Bungo','37216'),
	(98,29,'Sulawesi Tengah','Kabupaten','Buol','94564'),
	(99,19,'Maluku','Kabupaten','Buru','97371'),
	(100,19,'Maluku','Kabupaten','Buru Selatan','97351'),
	(101,30,'Sulawesi Tenggara','Kabupaten','Buton','93754'),
	(102,30,'Sulawesi Tenggara','Kabupaten','Buton Utara','93745'),
	(103,9,'Jawa Barat','Kabupaten','Ciamis','46211'),
	(104,9,'Jawa Barat','Kabupaten','Cianjur','43217'),
	(105,10,'Jawa Tengah','Kabupaten','Cilacap','53211'),
	(106,3,'Banten','Kota','Cilegon','42417'),
	(107,9,'Jawa Barat','Kota','Cimahi','40512'),
	(108,9,'Jawa Barat','Kabupaten','Cirebon','45611'),
	(109,9,'Jawa Barat','Kota','Cirebon','45116'),
	(110,34,'Sumatera Utara','Kabupaten','Dairi','22211'),
	(111,24,'Papua','Kabupaten','Deiyai (Deliyai)','98784'),
	(112,34,'Sumatera Utara','Kabupaten','Deli Serdang','20511'),
	(113,10,'Jawa Tengah','Kabupaten','Demak','59519'),
	(114,1,'Bali','Kota','Denpasar','80227'),
	(115,9,'Jawa Barat','Kota','Depok','16416'),
	(116,32,'Sumatera Barat','Kabupaten','Dharmasraya','27612'),
	(117,24,'Papua','Kabupaten','Dogiyai','98866'),
	(118,22,'Nusa Tenggara Barat (NTB)','Kabupaten','Dompu','84217'),
	(119,29,'Sulawesi Tengah','Kabupaten','Donggala','94341'),
	(120,26,'Riau','Kota','Dumai','28811'),
	(121,33,'Sumatera Selatan','Kabupaten','Empat Lawang','31811'),
	(122,23,'Nusa Tenggara Timur (NTT)','Kabupaten','Ende','86351'),
	(123,28,'Sulawesi Selatan','Kabupaten','Enrekang','91719'),
	(124,25,'Papua Barat','Kabupaten','Fakfak','98651'),
	(125,23,'Nusa Tenggara Timur (NTT)','Kabupaten','Flores Timur','86213'),
	(126,9,'Jawa Barat','Kabupaten','Garut','44126'),
	(127,21,'Nanggroe Aceh Darussalam (NAD)','Kabupaten','Gayo Lues','24653'),
	(128,1,'Bali','Kabupaten','Gianyar','80519'),
	(129,7,'Gorontalo','Kabupaten','Gorontalo','96218'),
	(130,7,'Gorontalo','Kota','Gorontalo','96115'),
	(131,7,'Gorontalo','Kabupaten','Gorontalo Utara','96611'),
	(132,28,'Sulawesi Selatan','Kabupaten','Gowa','92111'),
	(133,11,'Jawa Timur','Kabupaten','Gresik','61115'),
	(134,10,'Jawa Tengah','Kabupaten','Grobogan','58111'),
	(135,5,'DI Yogyakarta','Kabupaten','Gunung Kidul','55812'),
	(136,14,'Kalimantan Tengah','Kabupaten','Gunung Mas','74511'),
	(137,34,'Sumatera Utara','Kota','Gunungsitoli','22813'),
	(138,20,'Maluku Utara','Kabupaten','Halmahera Barat','97757'),
	(139,20,'Maluku Utara','Kabupaten','Halmahera Selatan','97911'),
	(140,20,'Maluku Utara','Kabupaten','Halmahera Tengah','97853'),
	(141,20,'Maluku Utara','Kabupaten','Halmahera Timur','97862'),
	(142,20,'Maluku Utara','Kabupaten','Halmahera Utara','97762'),
	(143,13,'Kalimantan Selatan','Kabupaten','Hulu Sungai Selatan','71212'),
	(144,13,'Kalimantan Selatan','Kabupaten','Hulu Sungai Tengah','71313'),
	(145,13,'Kalimantan Selatan','Kabupaten','Hulu Sungai Utara','71419'),
	(146,34,'Sumatera Utara','Kabupaten','Humbang Hasundutan','22457'),
	(147,26,'Riau','Kabupaten','Indragiri Hilir','29212'),
	(148,26,'Riau','Kabupaten','Indragiri Hulu','29319'),
	(149,9,'Jawa Barat','Kabupaten','Indramayu','45214'),
	(150,24,'Papua','Kabupaten','Intan Jaya','98771'),
	(151,6,'DKI Jakarta','Kota','Jakarta Barat','11220'),
	(152,6,'DKI Jakarta','Kota','Jakarta Pusat','10540'),
	(153,6,'DKI Jakarta','Kota','Jakarta Selatan','12230'),
	(154,6,'DKI Jakarta','Kota','Jakarta Timur','13330'),
	(155,6,'DKI Jakarta','Kota','Jakarta Utara','14140'),
	(156,8,'Jambi','Kota','Jambi','36111'),
	(157,24,'Papua','Kabupaten','Jayapura','99352'),
	(158,24,'Papua','Kota','Jayapura','99114'),
	(159,24,'Papua','Kabupaten','Jayawijaya','99511'),
	(160,11,'Jawa Timur','Kabupaten','Jember','68113'),
	(161,1,'Bali','Kabupaten','Jembrana','82251'),
	(162,28,'Sulawesi Selatan','Kabupaten','Jeneponto','92319'),
	(163,10,'Jawa Tengah','Kabupaten','Jepara','59419'),
	(164,11,'Jawa Timur','Kabupaten','Jombang','61415'),
	(165,25,'Papua Barat','Kabupaten','Kaimana','98671'),
	(166,26,'Riau','Kabupaten','Kampar','28411'),
	(167,14,'Kalimantan Tengah','Kabupaten','Kapuas','73583'),
	(168,12,'Kalimantan Barat','Kabupaten','Kapuas Hulu','78719'),
	(169,10,'Jawa Tengah','Kabupaten','Karanganyar','57718'),
	(170,1,'Bali','Kabupaten','Karangasem','80819'),
	(171,9,'Jawa Barat','Kabupaten','Karawang','41311'),
	(172,17,'Kepulauan Riau','Kabupaten','Karimun','29611'),
	(173,34,'Sumatera Utara','Kabupaten','Karo','22119'),
	(174,14,'Kalimantan Tengah','Kabupaten','Katingan','74411'),
	(175,4,'Bengkulu','Kabupaten','Kaur','38911'),
	(176,12,'Kalimantan Barat','Kabupaten','Kayong Utara','78852'),
	(177,10,'Jawa Tengah','Kabupaten','Kebumen','54319'),
	(178,11,'Jawa Timur','Kabupaten','Kediri','64184'),
	(179,11,'Jawa Timur','Kota','Kediri','64125'),
	(180,24,'Papua','Kabupaten','Keerom','99461'),
	(181,10,'Jawa Tengah','Kabupaten','Kendal','51314'),
	(182,30,'Sulawesi Tenggara','Kota','Kendari','93126'),
	(183,4,'Bengkulu','Kabupaten','Kepahiang','39319'),
	(184,17,'Kepulauan Riau','Kabupaten','Kepulauan Anambas','29991'),
	(185,19,'Maluku','Kabupaten','Kepulauan Aru','97681'),
	(186,32,'Sumatera Barat','Kabupaten','Kepulauan Mentawai','25771'),
	(187,26,'Riau','Kabupaten','Kepulauan Meranti','28791'),
	(188,31,'Sulawesi Utara','Kabupaten','Kepulauan Sangihe','95819'),
	(189,6,'DKI Jakarta','Kabupaten','Kepulauan Seribu','14550'),
	(190,31,'Sulawesi Utara','Kabupaten','Kepulauan Siau Tagulandang Biaro (Sitaro)','95862'),
	(191,20,'Maluku Utara','Kabupaten','Kepulauan Sula','97995'),
	(192,31,'Sulawesi Utara','Kabupaten','Kepulauan Talaud','95885'),
	(193,24,'Papua','Kabupaten','Kepulauan Yapen (Yapen Waropen)','98211'),
	(194,8,'Jambi','Kabupaten','Kerinci','37167'),
	(195,12,'Kalimantan Barat','Kabupaten','Ketapang','78874'),
	(196,10,'Jawa Tengah','Kabupaten','Klaten','57411'),
	(197,1,'Bali','Kabupaten','Klungkung','80719'),
	(198,30,'Sulawesi Tenggara','Kabupaten','Kolaka','93511'),
	(199,30,'Sulawesi Tenggara','Kabupaten','Kolaka Utara','93911'),
	(200,30,'Sulawesi Tenggara','Kabupaten','Konawe','93411'),
	(201,30,'Sulawesi Tenggara','Kabupaten','Konawe Selatan','93811'),
	(202,30,'Sulawesi Tenggara','Kabupaten','Konawe Utara','93311'),
	(203,13,'Kalimantan Selatan','Kabupaten','Kotabaru','72119'),
	(204,31,'Sulawesi Utara','Kota','Kotamobagu','95711'),
	(205,14,'Kalimantan Tengah','Kabupaten','Kotawaringin Barat','74119'),
	(206,14,'Kalimantan Tengah','Kabupaten','Kotawaringin Timur','74364'),
	(207,26,'Riau','Kabupaten','Kuantan Singingi','29519'),
	(208,12,'Kalimantan Barat','Kabupaten','Kubu Raya','78311'),
	(209,10,'Jawa Tengah','Kabupaten','Kudus','59311'),
	(210,5,'DI Yogyakarta','Kabupaten','Kulon Progo','55611'),
	(211,9,'Jawa Barat','Kabupaten','Kuningan','45511'),
	(212,23,'Nusa Tenggara Timur (NTT)','Kabupaten','Kupang','85362'),
	(213,23,'Nusa Tenggara Timur (NTT)','Kota','Kupang','85119'),
	(214,15,'Kalimantan Timur','Kabupaten','Kutai Barat','75711'),
	(215,15,'Kalimantan Timur','Kabupaten','Kutai Kartanegara','75511'),
	(216,15,'Kalimantan Timur','Kabupaten','Kutai Timur','75611'),
	(217,34,'Sumatera Utara','Kabupaten','Labuhan Batu','21412'),
	(218,34,'Sumatera Utara','Kabupaten','Labuhan Batu Selatan','21511'),
	(219,34,'Sumatera Utara','Kabupaten','Labuhan Batu Utara','21711'),
	(220,33,'Sumatera Selatan','Kabupaten','Lahat','31419'),
	(221,14,'Kalimantan Tengah','Kabupaten','Lamandau','74611'),
	(222,11,'Jawa Timur','Kabupaten','Lamongan','64125'),
	(223,18,'Lampung','Kabupaten','Lampung Barat','34814'),
	(224,18,'Lampung','Kabupaten','Lampung Selatan','35511'),
	(225,18,'Lampung','Kabupaten','Lampung Tengah','34212'),
	(226,18,'Lampung','Kabupaten','Lampung Timur','34319'),
	(227,18,'Lampung','Kabupaten','Lampung Utara','34516'),
	(228,12,'Kalimantan Barat','Kabupaten','Landak','78319'),
	(229,34,'Sumatera Utara','Kabupaten','Langkat','20811'),
	(230,21,'Nanggroe Aceh Darussalam (NAD)','Kota','Langsa','24412'),
	(231,24,'Papua','Kabupaten','Lanny Jaya','99531'),
	(232,3,'Banten','Kabupaten','Lebak','42319'),
	(233,4,'Bengkulu','Kabupaten','Lebong','39264'),
	(234,23,'Nusa Tenggara Timur (NTT)','Kabupaten','Lembata','86611'),
	(235,21,'Nanggroe Aceh Darussalam (NAD)','Kota','Lhokseumawe','24352'),
	(236,32,'Sumatera Barat','Kabupaten','Lima Puluh Koto/Kota','26671'),
	(237,17,'Kepulauan Riau','Kabupaten','Lingga','29811'),
	(238,22,'Nusa Tenggara Barat (NTB)','Kabupaten','Lombok Barat','83311'),
	(239,22,'Nusa Tenggara Barat (NTB)','Kabupaten','Lombok Tengah','83511'),
	(240,22,'Nusa Tenggara Barat (NTB)','Kabupaten','Lombok Timur','83612'),
	(241,22,'Nusa Tenggara Barat (NTB)','Kabupaten','Lombok Utara','83711'),
	(242,33,'Sumatera Selatan','Kota','Lubuk Linggau','31614'),
	(243,11,'Jawa Timur','Kabupaten','Lumajang','67319'),
	(244,28,'Sulawesi Selatan','Kabupaten','Luwu','91994'),
	(245,28,'Sulawesi Selatan','Kabupaten','Luwu Timur','92981'),
	(246,28,'Sulawesi Selatan','Kabupaten','Luwu Utara','92911'),
	(247,11,'Jawa Timur','Kabupaten','Madiun','63153'),
	(248,11,'Jawa Timur','Kota','Madiun','63122'),
	(249,10,'Jawa Tengah','Kabupaten','Magelang','56519'),
	(250,10,'Jawa Tengah','Kota','Magelang','56133'),
	(251,11,'Jawa Timur','Kabupaten','Magetan','63314'),
	(252,9,'Jawa Barat','Kabupaten','Majalengka','45412'),
	(253,27,'Sulawesi Barat','Kabupaten','Majene','91411'),
	(254,28,'Sulawesi Selatan','Kota','Makassar','90111'),
	(255,11,'Jawa Timur','Kabupaten','Malang','65163'),
	(256,11,'Jawa Timur','Kota','Malang','65112'),
	(257,16,'Kalimantan Utara','Kabupaten','Malinau','77511'),
	(258,19,'Maluku','Kabupaten','Maluku Barat Daya','97451'),
	(259,19,'Maluku','Kabupaten','Maluku Tengah','97513'),
	(260,19,'Maluku','Kabupaten','Maluku Tenggara','97651'),
	(261,19,'Maluku','Kabupaten','Maluku Tenggara Barat','97465'),
	(262,27,'Sulawesi Barat','Kabupaten','Mamasa','91362'),
	(263,24,'Papua','Kabupaten','Mamberamo Raya','99381'),
	(264,24,'Papua','Kabupaten','Mamberamo Tengah','99553'),
	(265,27,'Sulawesi Barat','Kabupaten','Mamuju','91519'),
	(266,27,'Sulawesi Barat','Kabupaten','Mamuju Utara','91571'),
	(267,31,'Sulawesi Utara','Kota','Manado','95247'),
	(268,34,'Sumatera Utara','Kabupaten','Mandailing Natal','22916'),
	(269,23,'Nusa Tenggara Timur (NTT)','Kabupaten','Manggarai','86551'),
	(270,23,'Nusa Tenggara Timur (NTT)','Kabupaten','Manggarai Barat','86711'),
	(271,23,'Nusa Tenggara Timur (NTT)','Kabupaten','Manggarai Timur','86811'),
	(272,25,'Papua Barat','Kabupaten','Manokwari','98311'),
	(273,25,'Papua Barat','Kabupaten','Manokwari Selatan','98355'),
	(274,24,'Papua','Kabupaten','Mappi','99853'),
	(275,28,'Sulawesi Selatan','Kabupaten','Maros','90511'),
	(276,22,'Nusa Tenggara Barat (NTB)','Kota','Mataram','83131'),
	(277,25,'Papua Barat','Kabupaten','Maybrat','98051'),
	(278,34,'Sumatera Utara','Kota','Medan','20228'),
	(279,12,'Kalimantan Barat','Kabupaten','Melawi','78619'),
	(280,8,'Jambi','Kabupaten','Merangin','37319'),
	(281,24,'Papua','Kabupaten','Merauke','99613'),
	(282,18,'Lampung','Kabupaten','Mesuji','34911'),
	(283,18,'Lampung','Kota','Metro','34111'),
	(284,24,'Papua','Kabupaten','Mimika','99962'),
	(285,31,'Sulawesi Utara','Kabupaten','Minahasa','95614'),
	(286,31,'Sulawesi Utara','Kabupaten','Minahasa Selatan','95914'),
	(287,31,'Sulawesi Utara','Kabupaten','Minahasa Tenggara','95995'),
	(288,31,'Sulawesi Utara','Kabupaten','Minahasa Utara','95316'),
	(289,11,'Jawa Timur','Kabupaten','Mojokerto','61382'),
	(290,11,'Jawa Timur','Kota','Mojokerto','61316'),
	(291,29,'Sulawesi Tengah','Kabupaten','Morowali','94911'),
	(292,33,'Sumatera Selatan','Kabupaten','Muara Enim','31315'),
	(293,8,'Jambi','Kabupaten','Muaro Jambi','36311'),
	(294,4,'Bengkulu','Kabupaten','Muko Muko','38715'),
	(295,30,'Sulawesi Tenggara','Kabupaten','Muna','93611'),
	(296,14,'Kalimantan Tengah','Kabupaten','Murung Raya','73911'),
	(297,33,'Sumatera Selatan','Kabupaten','Musi Banyuasin','30719'),
	(298,33,'Sumatera Selatan','Kabupaten','Musi Rawas','31661'),
	(299,24,'Papua','Kabupaten','Nabire','98816'),
	(300,21,'Nanggroe Aceh Darussalam (NAD)','Kabupaten','Nagan Raya','23674'),
	(301,23,'Nusa Tenggara Timur (NTT)','Kabupaten','Nagekeo','86911'),
	(302,17,'Kepulauan Riau','Kabupaten','Natuna','29711'),
	(303,24,'Papua','Kabupaten','Nduga','99541'),
	(304,23,'Nusa Tenggara Timur (NTT)','Kabupaten','Ngada','86413'),
	(305,11,'Jawa Timur','Kabupaten','Nganjuk','64414'),
	(306,11,'Jawa Timur','Kabupaten','Ngawi','63219'),
	(307,34,'Sumatera Utara','Kabupaten','Nias','22876'),
	(308,34,'Sumatera Utara','Kabupaten','Nias Barat','22895'),
	(309,34,'Sumatera Utara','Kabupaten','Nias Selatan','22865'),
	(310,34,'Sumatera Utara','Kabupaten','Nias Utara','22856'),
	(311,16,'Kalimantan Utara','Kabupaten','Nunukan','77421'),
	(312,33,'Sumatera Selatan','Kabupaten','Ogan Ilir','30811'),
	(313,33,'Sumatera Selatan','Kabupaten','Ogan Komering Ilir','30618'),
	(314,33,'Sumatera Selatan','Kabupaten','Ogan Komering Ulu','32112'),
	(315,33,'Sumatera Selatan','Kabupaten','Ogan Komering Ulu Selatan','32211'),
	(316,33,'Sumatera Selatan','Kabupaten','Ogan Komering Ulu Timur','32312'),
	(317,11,'Jawa Timur','Kabupaten','Pacitan','63512'),
	(318,32,'Sumatera Barat','Kota','Padang','25112'),
	(319,34,'Sumatera Utara','Kabupaten','Padang Lawas','22763'),
	(320,34,'Sumatera Utara','Kabupaten','Padang Lawas Utara','22753'),
	(321,32,'Sumatera Barat','Kota','Padang Panjang','27122'),
	(322,32,'Sumatera Barat','Kabupaten','Padang Pariaman','25583'),
	(323,34,'Sumatera Utara','Kota','Padang Sidempuan','22727'),
	(324,33,'Sumatera Selatan','Kota','Pagar Alam','31512'),
	(325,34,'Sumatera Utara','Kabupaten','Pakpak Bharat','22272'),
	(326,14,'Kalimantan Tengah','Kota','Palangka Raya','73112'),
	(327,33,'Sumatera Selatan','Kota','Palembang','30111'),
	(328,28,'Sulawesi Selatan','Kota','Palopo','91911'),
	(329,29,'Sulawesi Tengah','Kota','Palu','94111'),
	(330,11,'Jawa Timur','Kabupaten','Pamekasan','69319'),
	(331,3,'Banten','Kabupaten','Pandeglang','42212'),
	(332,9,'Jawa Barat','Kabupaten','Pangandaran','46511'),
	(333,28,'Sulawesi Selatan','Kabupaten','Pangkajene Kepulauan','90611'),
	(334,2,'Bangka Belitung','Kota','Pangkal Pinang','33115'),
	(335,24,'Papua','Kabupaten','Paniai','98765'),
	(336,28,'Sulawesi Selatan','Kota','Parepare','91123'),
	(337,32,'Sumatera Barat','Kota','Pariaman','25511'),
	(338,29,'Sulawesi Tengah','Kabupaten','Parigi Moutong','94411'),
	(339,32,'Sumatera Barat','Kabupaten','Pasaman','26318'),
	(340,32,'Sumatera Barat','Kabupaten','Pasaman Barat','26511'),
	(341,15,'Kalimantan Timur','Kabupaten','Paser','76211'),
	(342,11,'Jawa Timur','Kabupaten','Pasuruan','67153'),
	(343,11,'Jawa Timur','Kota','Pasuruan','67118'),
	(344,10,'Jawa Tengah','Kabupaten','Pati','59114'),
	(345,32,'Sumatera Barat','Kota','Payakumbuh','26213'),
	(346,25,'Papua Barat','Kabupaten','Pegunungan Arfak','98354'),
	(347,24,'Papua','Kabupaten','Pegunungan Bintang','99573'),
	(348,10,'Jawa Tengah','Kabupaten','Pekalongan','51161'),
	(349,10,'Jawa Tengah','Kota','Pekalongan','51122'),
	(350,26,'Riau','Kota','Pekanbaru','28112'),
	(351,26,'Riau','Kabupaten','Pelalawan','28311'),
	(352,10,'Jawa Tengah','Kabupaten','Pemalang','52319'),
	(353,34,'Sumatera Utara','Kota','Pematang Siantar','21126'),
	(354,15,'Kalimantan Timur','Kabupaten','Penajam Paser Utara','76311'),
	(355,18,'Lampung','Kabupaten','Pesawaran','35312'),
	(356,18,'Lampung','Kabupaten','Pesisir Barat','35974'),
	(357,32,'Sumatera Barat','Kabupaten','Pesisir Selatan','25611'),
	(358,21,'Nanggroe Aceh Darussalam (NAD)','Kabupaten','Pidie','24116'),
	(359,21,'Nanggroe Aceh Darussalam (NAD)','Kabupaten','Pidie Jaya','24186'),
	(360,28,'Sulawesi Selatan','Kabupaten','Pinrang','91251'),
	(361,7,'Gorontalo','Kabupaten','Pohuwato','96419'),
	(362,27,'Sulawesi Barat','Kabupaten','Polewali Mandar','91311'),
	(363,11,'Jawa Timur','Kabupaten','Ponorogo','63411'),
	(364,12,'Kalimantan Barat','Kabupaten','Pontianak','78971'),
	(365,12,'Kalimantan Barat','Kota','Pontianak','78112'),
	(366,29,'Sulawesi Tengah','Kabupaten','Poso','94615'),
	(367,33,'Sumatera Selatan','Kota','Prabumulih','31121'),
	(368,18,'Lampung','Kabupaten','Pringsewu','35719'),
	(369,11,'Jawa Timur','Kabupaten','Probolinggo','67282'),
	(370,11,'Jawa Timur','Kota','Probolinggo','67215'),
	(371,14,'Kalimantan Tengah','Kabupaten','Pulang Pisau','74811'),
	(372,20,'Maluku Utara','Kabupaten','Pulau Morotai','97771'),
	(373,24,'Papua','Kabupaten','Puncak','98981'),
	(374,24,'Papua','Kabupaten','Puncak Jaya','98979'),
	(375,10,'Jawa Tengah','Kabupaten','Purbalingga','53312'),
	(376,9,'Jawa Barat','Kabupaten','Purwakarta','41119'),
	(377,10,'Jawa Tengah','Kabupaten','Purworejo','54111'),
	(378,25,'Papua Barat','Kabupaten','Raja Ampat','98489'),
	(379,4,'Bengkulu','Kabupaten','Rejang Lebong','39112'),
	(380,10,'Jawa Tengah','Kabupaten','Rembang','59219'),
	(381,26,'Riau','Kabupaten','Rokan Hilir','28992'),
	(382,26,'Riau','Kabupaten','Rokan Hulu','28511'),
	(383,23,'Nusa Tenggara Timur (NTT)','Kabupaten','Rote Ndao','85982'),
	(384,21,'Nanggroe Aceh Darussalam (NAD)','Kota','Sabang','23512'),
	(385,23,'Nusa Tenggara Timur (NTT)','Kabupaten','Sabu Raijua','85391'),
	(386,10,'Jawa Tengah','Kota','Salatiga','50711'),
	(387,15,'Kalimantan Timur','Kota','Samarinda','75133'),
	(388,12,'Kalimantan Barat','Kabupaten','Sambas','79453'),
	(389,34,'Sumatera Utara','Kabupaten','Samosir','22392'),
	(390,11,'Jawa Timur','Kabupaten','Sampang','69219'),
	(391,12,'Kalimantan Barat','Kabupaten','Sanggau','78557'),
	(392,24,'Papua','Kabupaten','Sarmi','99373'),
	(393,8,'Jambi','Kabupaten','Sarolangun','37419'),
	(394,32,'Sumatera Barat','Kota','Sawah Lunto','27416'),
	(395,12,'Kalimantan Barat','Kabupaten','Sekadau','79583'),
	(396,28,'Sulawesi Selatan','Kabupaten','Selayar (Kepulauan Selayar)','92812'),
	(397,4,'Bengkulu','Kabupaten','Seluma','38811'),
	(398,10,'Jawa Tengah','Kabupaten','Semarang','50511'),
	(399,10,'Jawa Tengah','Kota','Semarang','50135'),
	(400,19,'Maluku','Kabupaten','Seram Bagian Barat','97561'),
	(401,19,'Maluku','Kabupaten','Seram Bagian Timur','97581'),
	(402,3,'Banten','Kabupaten','Serang','42182'),
	(403,3,'Banten','Kota','Serang','42111'),
	(404,34,'Sumatera Utara','Kabupaten','Serdang Bedagai','20915'),
	(405,14,'Kalimantan Tengah','Kabupaten','Seruyan','74211'),
	(406,26,'Riau','Kabupaten','Siak','28623'),
	(407,34,'Sumatera Utara','Kota','Sibolga','22522'),
	(408,28,'Sulawesi Selatan','Kabupaten','Sidenreng Rappang/Rapang','91613'),
	(409,11,'Jawa Timur','Kabupaten','Sidoarjo','61219'),
	(410,29,'Sulawesi Tengah','Kabupaten','Sigi','94364'),
	(411,32,'Sumatera Barat','Kabupaten','Sijunjung (Sawah Lunto Sijunjung)','27511'),
	(412,23,'Nusa Tenggara Timur (NTT)','Kabupaten','Sikka','86121'),
	(413,34,'Sumatera Utara','Kabupaten','Simalungun','21162'),
	(414,21,'Nanggroe Aceh Darussalam (NAD)','Kabupaten','Simeulue','23891'),
	(415,12,'Kalimantan Barat','Kota','Singkawang','79117'),
	(416,28,'Sulawesi Selatan','Kabupaten','Sinjai','92615'),
	(417,12,'Kalimantan Barat','Kabupaten','Sintang','78619'),
	(418,11,'Jawa Timur','Kabupaten','Situbondo','68316'),
	(419,5,'DI Yogyakarta','Kabupaten','Sleman','55513'),
	(420,32,'Sumatera Barat','Kabupaten','Solok','27365'),
	(421,32,'Sumatera Barat','Kota','Solok','27315'),
	(422,32,'Sumatera Barat','Kabupaten','Solok Selatan','27779'),
	(423,28,'Sulawesi Selatan','Kabupaten','Soppeng','90812'),
	(424,25,'Papua Barat','Kabupaten','Sorong','98431'),
	(425,25,'Papua Barat','Kota','Sorong','98411'),
	(426,25,'Papua Barat','Kabupaten','Sorong Selatan','98454'),
	(427,10,'Jawa Tengah','Kabupaten','Sragen','57211'),
	(428,9,'Jawa Barat','Kabupaten','Subang','41215'),
	(429,21,'Nanggroe Aceh Darussalam (NAD)','Kota','Subulussalam','24882'),
	(430,9,'Jawa Barat','Kabupaten','Sukabumi','43311'),
	(431,9,'Jawa Barat','Kota','Sukabumi','43114'),
	(432,14,'Kalimantan Tengah','Kabupaten','Sukamara','74712'),
	(433,10,'Jawa Tengah','Kabupaten','Sukoharjo','57514'),
	(434,23,'Nusa Tenggara Timur (NTT)','Kabupaten','Sumba Barat','87219'),
	(435,23,'Nusa Tenggara Timur (NTT)','Kabupaten','Sumba Barat Daya','87453'),
	(436,23,'Nusa Tenggara Timur (NTT)','Kabupaten','Sumba Tengah','87358'),
	(437,23,'Nusa Tenggara Timur (NTT)','Kabupaten','Sumba Timur','87112'),
	(438,22,'Nusa Tenggara Barat (NTB)','Kabupaten','Sumbawa','84315'),
	(439,22,'Nusa Tenggara Barat (NTB)','Kabupaten','Sumbawa Barat','84419'),
	(440,9,'Jawa Barat','Kabupaten','Sumedang','45326'),
	(441,11,'Jawa Timur','Kabupaten','Sumenep','69413'),
	(442,8,'Jambi','Kota','Sungaipenuh','37113'),
	(443,24,'Papua','Kabupaten','Supiori','98164'),
	(444,11,'Jawa Timur','Kota','Surabaya','60119'),
	(445,10,'Jawa Tengah','Kota','Surakarta (Solo)','57113'),
	(446,13,'Kalimantan Selatan','Kabupaten','Tabalong','71513'),
	(447,1,'Bali','Kabupaten','Tabanan','82119'),
	(448,28,'Sulawesi Selatan','Kabupaten','Takalar','92212'),
	(449,25,'Papua Barat','Kabupaten','Tambrauw','98475'),
	(450,16,'Kalimantan Utara','Kabupaten','Tana Tidung','77611'),
	(451,28,'Sulawesi Selatan','Kabupaten','Tana Toraja','91819'),
	(452,13,'Kalimantan Selatan','Kabupaten','Tanah Bumbu','72211'),
	(453,32,'Sumatera Barat','Kabupaten','Tanah Datar','27211'),
	(454,13,'Kalimantan Selatan','Kabupaten','Tanah Laut','70811'),
	(455,3,'Banten','Kabupaten','Tangerang','15914'),
	(456,3,'Banten','Kota','Tangerang','15111'),
	(457,3,'Banten','Kota','Tangerang Selatan','15435'),
	(458,18,'Lampung','Kabupaten','Tanggamus','35619'),
	(459,34,'Sumatera Utara','Kota','Tanjung Balai','21321'),
	(460,8,'Jambi','Kabupaten','Tanjung Jabung Barat','36513'),
	(461,8,'Jambi','Kabupaten','Tanjung Jabung Timur','36719'),
	(462,17,'Kepulauan Riau','Kota','Tanjung Pinang','29111'),
	(463,34,'Sumatera Utara','Kabupaten','Tapanuli Selatan','22742'),
	(464,34,'Sumatera Utara','Kabupaten','Tapanuli Tengah','22611'),
	(465,34,'Sumatera Utara','Kabupaten','Tapanuli Utara','22414'),
	(466,13,'Kalimantan Selatan','Kabupaten','Tapin','71119'),
	(467,16,'Kalimantan Utara','Kota','Tarakan','77114'),
	(468,9,'Jawa Barat','Kabupaten','Tasikmalaya','46411'),
	(469,9,'Jawa Barat','Kota','Tasikmalaya','46116'),
	(470,34,'Sumatera Utara','Kota','Tebing Tinggi','20632'),
	(471,8,'Jambi','Kabupaten','Tebo','37519'),
	(472,10,'Jawa Tengah','Kabupaten','Tegal','52419'),
	(473,10,'Jawa Tengah','Kota','Tegal','52114'),
	(474,25,'Papua Barat','Kabupaten','Teluk Bintuni','98551'),
	(475,25,'Papua Barat','Kabupaten','Teluk Wondama','98591'),
	(476,10,'Jawa Tengah','Kabupaten','Temanggung','56212'),
	(477,20,'Maluku Utara','Kota','Ternate','97714'),
	(478,20,'Maluku Utara','Kota','Tidore Kepulauan','97815'),
	(479,23,'Nusa Tenggara Timur (NTT)','Kabupaten','Timor Tengah Selatan','85562'),
	(480,23,'Nusa Tenggara Timur (NTT)','Kabupaten','Timor Tengah Utara','85612'),
	(481,34,'Sumatera Utara','Kabupaten','Toba Samosir','22316'),
	(482,29,'Sulawesi Tengah','Kabupaten','Tojo Una-Una','94683'),
	(483,29,'Sulawesi Tengah','Kabupaten','Toli-Toli','94542'),
	(484,24,'Papua','Kabupaten','Tolikara','99411'),
	(485,31,'Sulawesi Utara','Kota','Tomohon','95416'),
	(486,28,'Sulawesi Selatan','Kabupaten','Toraja Utara','91831'),
	(487,11,'Jawa Timur','Kabupaten','Trenggalek','66312'),
	(488,19,'Maluku','Kota','Tual','97612'),
	(489,11,'Jawa Timur','Kabupaten','Tuban','62319'),
	(490,18,'Lampung','Kabupaten','Tulang Bawang','34613'),
	(491,18,'Lampung','Kabupaten','Tulang Bawang Barat','34419'),
	(492,11,'Jawa Timur','Kabupaten','Tulungagung','66212'),
	(493,28,'Sulawesi Selatan','Kabupaten','Wajo','90911'),
	(494,30,'Sulawesi Tenggara','Kabupaten','Wakatobi','93791'),
	(495,24,'Papua','Kabupaten','Waropen','98269'),
	(496,18,'Lampung','Kabupaten','Way Kanan','34711'),
	(497,10,'Jawa Tengah','Kabupaten','Wonogiri','57619'),
	(498,10,'Jawa Tengah','Kabupaten','Wonosobo','56311'),
	(499,24,'Papua','Kabupaten','Yahukimo','99041'),
	(500,24,'Papua','Kabupaten','Yalimo','99481'),
	(501,5,'DI Yogyakarta','Kota','Yogyakarta','55111'),
	(502,12,'Kalimantan Barat','Kabupaten','Mempawah','');

/*!40000 ALTER TABLE `city` ENABLE KEYS */;
UNLOCK TABLES;


# Dump of table products
# ------------------------------------------------------------

DROP TABLE IF EXISTS `products`;

CREATE TABLE `products` (
  `product_idx` int(11) unsigned NOT NULL AUTO_INCREMENT,
  `product_name` varchar(255) NOT NULL DEFAULT '',
  `slug` varchar(255) NOT NULL DEFAULT '',
  `description` text NOT NULL,
  `image1` varchar(100) NOT NULL,
  `image2` varchar(100) DEFAULT NULL,
  `image3` varchar(100) DEFAULT NULL,
  `price` decimal(15,0) DEFAULT 0,
  `category_idx` int(11) NOT NULL,
  `tenant_idx` int(11) NOT NULL,
  `status` enum('ON','OFF') NOT NULL,
  `created_at` datetime NOT NULL DEFAULT current_timestamp(),
  `updated_at` datetime DEFAULT NULL,
  `deleted_at` datetime DEFAULT NULL,
  PRIMARY KEY (`product_idx`),
  KEY `optimasi` (`product_name`,`slug`,`image1`,`image2`,`image3`)
) ENGINE=InnoDB DEFAULT CHARSET=latin1 COLLATE=latin1_swedish_ci;

LOCK TABLES `products` WRITE;
/*!40000 ALTER TABLE `products` DISABLE KEYS */;

INSERT INTO `products` (`product_idx`, `product_name`, `slug`, `description`, `image1`, `image2`, `image3`, `price`, `category_idx`, `tenant_idx`, `status`, `created_at`, `updated_at`, `deleted_at`)
VALUES
	(1,'Servodio 36-44 Navy Sepatu Sneakers Casual - SVK','servodio-36-44-navy-sepatu-sneakers-casual-svk','Sepatu Sneakers Running Pria Sepatu Sport Shoes Casual Young Lifestyle Warna : Cream, Gray, Black Ukuran : 38,39,40,41,42,43,44 Panjang Insole Size 39 : 24.5 cm Size 40 : 25.5 cm Size 41 : 26.5 cm Size 42 : 27.5 cm Size 43 : 28 cm Size 44 : 28.5 cm Desain sepatu bergaya dinamis dan aktif, bisa digunakan untuk Sport maupun aktifitas sehari - hari. Sol nya Kuat dan ringan, Upper nya dari bahan Sintetis Leather yang berkualitas pastinya Fitur: Ringan, tidak licin, nyaman. *Ukuran Harap melihat gambar produk* Pengiriman dilakukan setiap hari, untuk orderan diatas jam 5 sore akan kami proses di hari berikutnya.','servodio-36-44-navy-sepatu-sneakers-casual-svk-1.jpg','servodio-36-44-navy-sepatu-sneakers-casual-svk-2.jpg','servodio-36-44-navy-sepatu-sneakers-casual-svk-3.jpg',165000,1,1,'ON','2023-10-02 16:34:06','2023-10-03 03:58:51',NULL),
	(2,'Servodio 36-44 Navy Sepatu Sneakers Casual - SVJ','servodio-36-44-navy-sepatu-sneakers-casual-svj','Sepatu Sneakers Running Pria Sepatu Sport Shoes Casual Young Lifestyle Warna : Cream, Gray, Black Ukuran : 38,39,40,41,42,43,44 Panjang Insole Size 39 : 24.5 cm Size 40 : 25.5 cm Size 41 : 26.5 cm Size 42 : 27.5 cm Size 43 : 28 cm Size 44 : 28.5 cm Desain sepatu bergaya dinamis dan aktif, bisa digunakan untuk Sport maupun aktifitas sehari - hari. Sol nya Kuat dan ringan, Upper nya dari bahan Sintetis Leather yang berkualitas pastinya Fitur: Ringan, tidak licin, nyaman. *Ukuran Harap melihat gambar produk* Pengiriman dilakukan setiap hari, untuk orderan diatas jam 5 sore akan kami proses di hari berikutnya.','servodio-36-44-navy-sepatu-sneakers-casual-svj-1.jpg','servodio-36-44-navy-sepatu-sneakers-casual-svj-2.jpg','servodio-36-44-navy-sepatu-sneakers-casual-svj-3.jpg',132000,2,1,'ON','2023-10-02 16:34:57','2023-10-03 03:58:22',NULL),
	(3,'Servodio 36-44 Navy Sepatu Sneakers Casual - SVI','servodio-36-44-navy-sepatu-sneakers-casual-svi','Sepatu Sneakers Running Pria Sepatu Sport Shoes Casual Young Lifestyle Warna : Cream, Gray, Black Ukuran : 38,39,40,41,42,43,44 Panjang Insole Size 39 : 24.5 cm Size 40 : 25.5 cm Size 41 : 26.5 cm Size 42 : 27.5 cm Size 43 : 28 cm Size 44 : 28.5 cm Desain sepatu bergaya dinamis dan aktif, bisa digunakan untuk Sport maupun aktifitas sehari - hari. Sol nya Kuat dan ringan, Upper nya dari bahan Sintetis Leather yang berkualitas pastinya Fitur: Ringan, tidak licin, nyaman. *Ukuran Harap melihat gambar produk* Pengiriman dilakukan setiap hari, untuk orderan diatas jam 5 sore akan kami proses di hari berikutnya.','servodio-36-44-navy-sepatu-sneakers-casual-svi-1.jpg','servodio-36-44-navy-sepatu-sneakers-casual-svi-2.jpg','servodio-36-44-navy-sepatu-sneakers-casual-svi-3.jpg',167000,3,1,'ON','2023-10-02 16:35:35','2023-10-03 03:57:49',NULL),
	(4,'Servodio 36-44 Navy Sepatu Sneakers Casual - SVH','servodio-36-44-navy-sepatu-sneakers-casual-svh','Sepatu Sneakers Running Pria Sepatu Sport Shoes Casual Young Lifestyle Warna : Cream, Gray, Black Ukuran : 38,39,40,41,42,43,44 Panjang Insole Size 39 : 24.5 cm Size 40 : 25.5 cm Size 41 : 26.5 cm Size 42 : 27.5 cm Size 43 : 28 cm Size 44 : 28.5 cm Desain sepatu bergaya dinamis dan aktif, bisa digunakan untuk Sport maupun aktifitas sehari - hari. Sol nya Kuat dan ringan, Upper nya dari bahan Sintetis Leather yang berkualitas pastinya Fitur: Ringan, tidak licin, nyaman. *Ukuran Harap melihat gambar produk* Pengiriman dilakukan setiap hari, untuk orderan diatas jam 5 sore akan kami proses di hari berikutnya.','servodio-36-44-navy-sepatu-sneakers-casual-svh-1.jpg','servodio-36-44-navy-sepatu-sneakers-casual-svh-2.jpg','servodio-36-44-navy-sepatu-sneakers-casual-svh-3.jpg',165000,4,1,'ON','2023-10-02 16:36:22','2023-10-03 03:57:23',NULL),
	(5,'Servodio 36-44 Navy Sepatu Sneakers Casual - SVG','servodio-36-44-navy-sepatu-sneakers-casual-svg','Sepatu Sneakers Running Pria Sepatu Sport Shoes Casual Young Lifestyle Warna : Cream, Gray, Black Ukuran : 38,39,40,41,42,43,44 Panjang Insole Size 39 : 24.5 cm Size 40 : 25.5 cm Size 41 : 26.5 cm Size 42 : 27.5 cm Size 43 : 28 cm Size 44 : 28.5 cm Desain sepatu bergaya dinamis dan aktif, bisa digunakan untuk Sport maupun aktifitas sehari - hari. Sol nya Kuat dan ringan, Upper nya dari bahan Sintetis Leather yang berkualitas pastinya Fitur: Ringan, tidak licin, nyaman. *Ukuran Harap melihat gambar produk* Pengiriman dilakukan setiap hari, untuk orderan diatas jam 5 sore akan kami proses di hari berikutnya.','servodio-36-44-navy-sepatu-sneakers-casual-svg-1.jpg','servodio-36-44-navy-sepatu-sneakers-casual-svg-2.jpg','servodio-36-44-navy-sepatu-sneakers-casual-svg-3.jpg',128000,2,1,'ON','2023-10-02 16:36:56','2023-10-03 03:56:58',NULL),
	(6,'Servodio 36-44 Navy Sepatu Sneakers Casual - SVF','servodio-36-44-navy-sepatu-sneakers-casual-svf','Sepatu Sneakers Running Pria Sepatu Sport Shoes Casual Young Lifestyle Warna : Cream, Gray, Black Ukuran : 38,39,40,41,42,43,44 Panjang Insole Size 39 : 24.5 cm Size 40 : 25.5 cm Size 41 : 26.5 cm Size 42 : 27.5 cm Size 43 : 28 cm Size 44 : 28.5 cm Desain sepatu bergaya dinamis dan aktif, bisa digunakan untuk Sport maupun aktifitas sehari - hari. Sol nya Kuat dan ringan, Upper nya dari bahan Sintetis Leather yang berkualitas pastinya Fitur: Ringan, tidak licin, nyaman. *Ukuran Harap melihat gambar produk* Pengiriman dilakukan setiap hari, untuk orderan diatas jam 5 sore akan kami proses di hari berikutnya.','servodio-36-44-navy-sepatu-sneakers-casual-svf-1.jpg','servodio-36-44-navy-sepatu-sneakers-casual-svf-2.jpg','servodio-36-44-navy-sepatu-sneakers-casual-svf-3.jpg',124000,5,1,'ON','2023-10-02 16:37:28','2023-10-03 03:56:31',NULL),
	(7,'Servodio 36-44 Navy Sepatu Sneakers Casual - SVE','servodio-36-44-navy-sepatu-sneakers-casual-sve','Sepatu Sneakers Running Pria Sepatu Sport Shoes Casual Young Lifestyle Warna : Cream, Gray, Black Ukuran : 38,39,40,41,42,43,44 Panjang Insole Size 39 : 24.5 cm Size 40 : 25.5 cm Size 41 : 26.5 cm Size 42 : 27.5 cm Size 43 : 28 cm Size 44 : 28.5 cm Desain sepatu bergaya dinamis dan aktif, bisa digunakan untuk Sport maupun aktifitas sehari - hari. Sol nya Kuat dan ringan, Upper nya dari bahan Sintetis Leather yang berkualitas pastinya Fitur: Ringan, tidak licin, nyaman. *Ukuran Harap melihat gambar produk* Pengiriman dilakukan setiap hari, untuk orderan diatas jam 5 sore akan kami proses di hari berikutnya.','servodio-36-44-navy-sepatu-sneakers-casual-sve-1.jpg','servodio-36-44-navy-sepatu-sneakers-casual-sve-2.jpg','servodio-36-44-navy-sepatu-sneakers-casual-sve-3.jpg',180000,5,1,'ON','2023-10-02 16:38:11','2023-10-03 03:54:46',NULL),
	(8,'Servodio 36-44 Navy Sepatu Sneakers Casual - SVD','servodio-36-44-navy-sepatu-sneakers-casual-svd','Sepatu Sneakers Running Pria Sepatu Sport Shoes Casual Young Lifestyle Warna : Cream, Gray, Black Ukuran : 38,39,40,41,42,43,44 Panjang Insole Size 39 : 24.5 cm Size 40 : 25.5 cm Size 41 : 26.5 cm Size 42 : 27.5 cm Size 43 : 28 cm Size 44 : 28.5 cm Desain sepatu bergaya dinamis dan aktif, bisa digunakan untuk Sport maupun aktifitas sehari - hari. Sol nya Kuat dan ringan, Upper nya dari bahan Sintetis Leather yang berkualitas pastinya Fitur: Ringan, tidak licin, nyaman. *Ukuran Harap melihat gambar produk* Pengiriman dilakukan setiap hari, untuk orderan diatas jam 5 sore akan kami proses di hari berikutnya.','servodio-36-44-navy-sepatu-sneakers-casual-svd-1.jpg','servodio-36-44-navy-sepatu-sneakers-casual-svd-2.jpg','servodio-36-44-navy-sepatu-sneakers-casual-svd-3.jpg',215000,4,1,'ON','2023-10-02 16:38:43','2023-10-03 03:53:10',NULL),
	(9,'Servodio 36-44 Navy Sepatu Sneakers Casual - SVC','servodio-36-44-navy-sepatu-sneakers-casual-svc','Sepatu Sneakers Running Pria Sepatu Sport Shoes Casual Young Lifestyle Warna : Cream, Gray, Black Ukuran : 38,39,40,41,42,43,44 Panjang Insole Size 39 : 24.5 cm Size 40 : 25.5 cm Size 41 : 26.5 cm Size 42 : 27.5 cm Size 43 : 28 cm Size 44 : 28.5 cm Desain sepatu bergaya dinamis dan aktif, bisa digunakan untuk Sport maupun aktifitas sehari - hari. Sol nya Kuat dan ringan, Upper nya dari bahan Sintetis Leather yang berkualitas pastinya Fitur: Ringan, tidak licin, nyaman. *Ukuran Harap melihat gambar produk* Pengiriman dilakukan setiap hari, untuk orderan diatas jam 5 sore akan kami proses di hari berikutnya.','servodio-36-44-navy-sepatu-sneakers-casual-svc-1.jpg','servodio-36-44-navy-sepatu-sneakers-casual-svc-2.jpg','servodio-36-44-navy-sepatu-sneakers-casual-svc-3.jpg',145000,2,1,'ON','2023-10-02 16:40:33','2023-10-03 03:52:23',NULL),
	(10,'Servodio 36-44 Navy Sepatu Sneakers Casual - SVB','servodio-36-44-navy-sepatu-sneakers-casual-svb','Sepatu Sneakers Running Pria Sepatu Sport Shoes Casual Young Lifestyle Warna : Cream, Gray, Black Ukuran : 38,39,40,41,42,43,44 Panjang Insole Size 39 : 24.5 cm Size 40 : 25.5 cm Size 41 : 26.5 cm Size 42 : 27.5 cm Size 43 : 28 cm Size 44 : 28.5 cm Desain sepatu bergaya dinamis dan aktif, bisa digunakan untuk Sport maupun aktifitas sehari - hari. Sol nya Kuat dan ringan, Upper nya dari bahan Sintetis Leather yang berkualitas pastinya Fitur: Ringan, tidak licin, nyaman. *Ukuran Harap melihat gambar produk* Pengiriman dilakukan setiap hari, untuk orderan diatas jam 5 sore akan kami proses di hari berikutnya.','servodio-36-44-navy-sepatu-sneakers-casual-svb-1.jpg','servodio-36-44-navy-sepatu-sneakers-casual-svb-2.jpg','servodio-36-44-navy-sepatu-sneakers-casual-svb-3.jpg',120000,3,1,'ON','2023-10-02 16:41:02','2023-10-03 03:51:59',NULL),
	(11,'Servodio 36-44 Navy Sepatu Sneakers Casual - SVA','servodio-36-44-navy-sepatu-sneakers-casual-sva','Sepatu Sneakers Running Pria Sepatu Sport Shoes Casual Young Lifestyle Warna : Cream, Gray, Black Ukuran : 38,39,40,41,42,43,44 Panjang Insole Size 39 : 24.5 cm Size 40 : 25.5 cm Size 41 : 26.5 cm Size 42 : 27.5 cm Size 43 : 28 cm Size 44 : 28.5 cm Desain sepatu bergaya dinamis dan aktif, bisa digunakan untuk Sport maupun aktifitas sehari - hari. Sol nya Kuat dan ringan, Upper nya dari bahan Sintetis Leather yang berkualitas pastinya Fitur: Ringan, tidak licin, nyaman. *Ukuran Harap melihat gambar produk* Pengiriman dilakukan setiap hari, untuk orderan diatas jam 5 sore akan kami proses di hari berikutnya.','servodio-36-44-navy-sepatu-sneakers-casual-sva-1.jpg','servodio-36-44-navy-sepatu-sneakers-casual-sva-2.jpg','servodio-36-44-navy-sepatu-sneakers-casual-sva-3.jpg',180000,1,1,'ON','2023-10-02 16:41:58','2023-10-03 03:51:37',NULL),
	(12,'Servodio 36-44 Navy Sepatu Sneakers Casual - SVL','servodio-36-44-navy-sepatu-sneakers-casual-svl','Sepatu Sneakers Running Pria Sepatu Sport Shoes Casual Young Lifestyle Warna : Cream, Gray, Black Ukuran : 38,39,40,41,42,43,44 Panjang Insole Size 39 : 24.5 cm Size 40 : 25.5 cm Size 41 : 26.5 cm Size 42 : 27.5 cm Size 43 : 28 cm Size 44 : 28.5 cm Desain sepatu bergaya dinamis dan aktif, bisa digunakan untuk Sport maupun aktifitas sehari - hari. Sol nya Kuat dan ringan, Upper nya dari bahan Sintetis Leather yang berkualitas pastinya Fitur: Ringan, tidak licin, nyaman. *Ukuran Harap melihat gambar produk* Pengiriman dilakukan setiap hari, untuk orderan diatas jam 5 sore akan kami proses di hari berikutnya.','servodio-36-44-navy-sepatu-sneakers-casual-svl-1.jpg','servodio-36-44-navy-sepatu-sneakers-casual-svl-2.jpg','servodio-36-44-navy-sepatu-sneakers-casual-svl-3.jpg',150000,1,1,'ON','2023-10-02 17:26:47','2023-10-03 03:51:02',NULL),
	(13,'Servodio 36-44 Navy Sepatu Sneakers Casual - SVM','servodio-36-44-navy-sepatu-sneakers-casual-svm','Sepatu Sneakers Running Pria Sepatu Sport Shoes Casual Young Lifestyle Warna : Cream, Gray, Black Ukuran : 38,39,40,41,42,43,44 Panjang Insole Size 39 : 24.5 cm Size 40 : 25.5 cm Size 41 : 26.5 cm Size 42 : 27.5 cm Size 43 : 28 cm Size 44 : 28.5 cm Desain sepatu bergaya dinamis dan aktif, bisa digunakan untuk Sport maupun aktifitas sehari - hari. Sol nya Kuat dan ringan, Upper nya dari bahan Sintetis Leather yang berkualitas pastinya Fitur: Ringan, tidak licin, nyaman. *Ukuran Harap melihat gambar produk* Pengiriman dilakukan setiap hari, untuk orderan diatas jam 5 sore akan kami proses di hari berikutnya.','servodio-36-44-navy-sepatu-sneakers-casual-svm-1.jpg','servodio-36-44-navy-sepatu-sneakers-casual-svm-2.jpg','servodio-36-44-navy-sepatu-sneakers-casual-svm-3.jpg',192000,1,1,'ON','2023-10-03 11:01:36','2023-10-03 04:02:54',NULL),
	(14,'Servodio 36-44 Navy Sepatu Sneakers Casual - SVN','servodio-36-44-navy-sepatu-sneakers-casual-svn','Sepatu Sneakers Running Pria Sepatu Sport Shoes Casual Young Lifestyle Warna : Cream, Gray, Black Ukuran : 38,39,40,41,42,43,44 Panjang Insole Size 39 : 24.5 cm Size 40 : 25.5 cm Size 41 : 26.5 cm Size 42 : 27.5 cm Size 43 : 28 cm Size 44 : 28.5 cm Desain sepatu bergaya dinamis dan aktif, bisa digunakan untuk Sport maupun aktifitas sehari - hari. Sol nya Kuat dan ringan, Upper nya dari bahan Sintetis Leather yang berkualitas pastinya Fitur: Ringan, tidak licin, nyaman. *Ukuran Harap melihat gambar produk* Pengiriman dilakukan setiap hari, untuk orderan diatas jam 5 sore akan kami proses di hari berikutnya.','servodio-36-44-navy-sepatu-sneakers-casual-svn-1.jpg','servodio-36-44-navy-sepatu-sneakers-casual-svn-2.jpg','servodio-36-44-navy-sepatu-sneakers-casual-svn-3.jpg',124000,5,1,'ON','2023-10-03 11:03:42','2023-10-03 04:03:59',NULL),
	(15,'Servodio 36-44 Navy Sepatu Sneakers Casual - SVO','servodio-36-44-navy-sepatu-sneakers-casual-svo','Sepatu Sneakers Running Pria Sepatu Sport Shoes Casual Young Lifestyle Warna : Cream, Gray, Black Ukuran : 38,39,40,41,42,43,44 Panjang Insole Size 39 : 24.5 cm Size 40 : 25.5 cm Size 41 : 26.5 cm Size 42 : 27.5 cm Size 43 : 28 cm Size 44 : 28.5 cm Desain sepatu bergaya dinamis dan aktif, bisa digunakan untuk Sport maupun aktifitas sehari - hari. Sol nya Kuat dan ringan, Upper nya dari bahan Sintetis Leather yang berkualitas pastinya Fitur: Ringan, tidak licin, nyaman. *Ukuran Harap melihat gambar produk* Pengiriman dilakukan setiap hari, untuk orderan diatas jam 5 sore akan kami proses di hari berikutnya.','servodio-36-44-navy-sepatu-sneakers-casual-svo-1.jpg','servodio-36-44-navy-sepatu-sneakers-casual-svo-2.jpg','servodio-36-44-navy-sepatu-sneakers-casual-svo-3.jpg',112000,6,1,'ON','2023-10-03 11:04:54','2023-10-03 04:05:09',NULL),
	(16,'Servodio 36-44 Navy Sepatu Sneakers Casual - SVP','servodio-36-44-navy-sepatu-sneakers-casual-svp','Sepatu Sneakers Running Pria Sepatu Sport Shoes Casual Young Lifestyle Warna : Cream, Gray, Black Ukuran : 38,39,40,41,42,43,44 Panjang Insole Size 39 : 24.5 cm Size 40 : 25.5 cm Size 41 : 26.5 cm Size 42 : 27.5 cm Size 43 : 28 cm Size 44 : 28.5 cm Desain sepatu bergaya dinamis dan aktif, bisa digunakan untuk Sport maupun aktifitas sehari - hari. Sol nya Kuat dan ringan, Upper nya dari bahan Sintetis Leather yang berkualitas pastinya Fitur: Ringan, tidak licin, nyaman. *Ukuran Harap melihat gambar produk* Pengiriman dilakukan setiap hari, untuk orderan diatas jam 5 sore akan kami proses di hari berikutnya.','servodio-36-44-navy-sepatu-sneakers-casual-svp-1.jpg','servodio-36-44-navy-sepatu-sneakers-casual-svp-2.jpg','servodio-36-44-navy-sepatu-sneakers-casual-svp-3.jpg',167000,6,1,'ON','2023-10-03 11:06:26','2023-10-03 04:06:47',NULL),
	(17,'Servodio 36-44 Navy Sepatu Sneakers Casual - SVQ','servodio-36-44-navy-sepatu-sneakers-casual-svq','Sepatu Sneakers Running Pria Sepatu Sport Shoes Casual Young Lifestyle Warna : Cream, Gray, Black Ukuran : 38,39,40,41,42,43,44 Panjang Insole Size 39 : 24.5 cm Size 40 : 25.5 cm Size 41 : 26.5 cm Size 42 : 27.5 cm Size 43 : 28 cm Size 44 : 28.5 cm Desain sepatu bergaya dinamis dan aktif, bisa digunakan untuk Sport maupun aktifitas sehari - hari. Sol nya Kuat dan ringan, Upper nya dari bahan Sintetis Leather yang berkualitas pastinya Fitur: Ringan, tidak licin, nyaman. *Ukuran Harap melihat gambar produk* Pengiriman dilakukan setiap hari, untuk orderan diatas jam 5 sore akan kami proses di hari berikutnya.','servodio-36-44-navy-sepatu-sneakers-casual-svq-1.jpg','servodio-36-44-navy-sepatu-sneakers-casual-svq-2.jpg','servodio-36-44-navy-sepatu-sneakers-casual-svq-3.jpg',123500,7,1,'ON','2023-10-03 11:07:27','2023-10-03 04:07:43',NULL),
	(18,'Servodio 36-44 Navy Sepatu Sneakers Casual - SVR','servodio-36-44-navy-sepatu-sneakers-casual-svr','Sepatu Sneakers Running Pria Sepatu Sport Shoes Casual Young Lifestyle Warna : Cream, Gray, Black Ukuran : 38,39,40,41,42,43,44 Panjang Insole Size 39 : 24.5 cm Size 40 : 25.5 cm Size 41 : 26.5 cm Size 42 : 27.5 cm Size 43 : 28 cm Size 44 : 28.5 cm Desain sepatu bergaya dinamis dan aktif, bisa digunakan untuk Sport maupun aktifitas sehari - hari. Sol nya Kuat dan ringan, Upper nya dari bahan Sintetis Leather yang berkualitas pastinya Fitur: Ringan, tidak licin, nyaman. *Ukuran Harap melihat gambar produk* Pengiriman dilakukan setiap hari, untuk orderan diatas jam 5 sore akan kami proses di hari berikutnya.','servodio-36-44-navy-sepatu-sneakers-casual-svr-1.jpg','servodio-36-44-navy-sepatu-sneakers-casual-svr-2.jpg','servodio-36-44-navy-sepatu-sneakers-casual-svr-3.jpg',121900,8,1,'ON','2023-10-03 11:08:26','2023-10-03 04:08:49',NULL),
	(19,'Servodio 36-44 Navy Sepatu Sneakers Casual - SVS','servodio-36-44-navy-sepatu-sneakers-casual-svs','Sepatu Sneakers Running Pria Sepatu Sport Shoes Casual Young Lifestyle Warna : Cream, Gray, Black Ukuran : 38,39,40,41,42,43,44 Panjang Insole Size 39 : 24.5 cm Size 40 : 25.5 cm Size 41 : 26.5 cm Size 42 : 27.5 cm Size 43 : 28 cm Size 44 : 28.5 cm Desain sepatu bergaya dinamis dan aktif, bisa digunakan untuk Sport maupun aktifitas sehari - hari. Sol nya Kuat dan ringan, Upper nya dari bahan Sintetis Leather yang berkualitas pastinya Fitur: Ringan, tidak licin, nyaman. *Ukuran Harap melihat gambar produk* Pengiriman dilakukan setiap hari, untuk orderan diatas jam 5 sore akan kami proses di hari berikutnya.','servodio-36-44-navy-sepatu-sneakers-casual-svs-1.jpg','servodio-36-44-navy-sepatu-sneakers-casual-svs-2.jpg','servodio-36-44-navy-sepatu-sneakers-casual-svs-3.jpg',123000,9,1,'ON','2023-10-03 11:13:25','2023-10-03 04:13:53',NULL),
	(20,'Servodio 36-44 Navy Sepatu Sneakers Casual - SVT','servodio-36-44-navy-sepatu-sneakers-casual-svt','Sepatu Sneakers Running Pria Sepatu Sport Shoes Casual Young Lifestyle Warna : Cream, Gray, Black Ukuran : 38,39,40,41,42,43,44 Panjang Insole Size 39 : 24.5 cm Size 40 : 25.5 cm Size 41 : 26.5 cm Size 42 : 27.5 cm Size 43 : 28 cm Size 44 : 28.5 cm Desain sepatu bergaya dinamis dan aktif, bisa digunakan untuk Sport maupun aktifitas sehari - hari. Sol nya Kuat dan ringan, Upper nya dari bahan Sintetis Leather yang berkualitas pastinya Fitur: Ringan, tidak licin, nyaman. *Ukuran Harap melihat gambar produk* Pengiriman dilakukan setiap hari, untuk orderan diatas jam 5 sore akan kami proses di hari berikutnya.','servodio-36-44-navy-sepatu-sneakers-casual-svt-1.jpg','servodio-36-44-navy-sepatu-sneakers-casual-svt-2.jpg','servodio-36-44-navy-sepatu-sneakers-casual-svt-3.jpg',121500,10,1,'ON','2023-10-03 11:14:43','2023-10-03 04:15:12',NULL),
	(21,'Servodio 36-44 Navy Sepatu Sneakers Casual - SVU','servodio-36-44-navy-sepatu-sneakers-casual-svu','Sepatu Sneakers Running Pria Sepatu Sport Shoes Casual Young Lifestyle Warna : Cream, Gray, Black Ukuran : 38,39,40,41,42,43,44 Panjang Insole Size 39 : 24.5 cm Size 40 : 25.5 cm Size 41 : 26.5 cm Size 42 : 27.5 cm Size 43 : 28 cm Size 44 : 28.5 cm Desain sepatu bergaya dinamis dan aktif, bisa digunakan untuk Sport maupun aktifitas sehari - hari. Sol nya Kuat dan ringan, Upper nya dari bahan Sintetis Leather yang berkualitas pastinya Fitur: Ringan, tidak licin, nyaman. *Ukuran Harap melihat gambar produk* Pengiriman dilakukan setiap hari, untuk orderan diatas jam 5 sore akan kami proses di hari berikutnya.','servodio-36-44-navy-sepatu-sneakers-casual-svu-1.jpg','servodio-36-44-navy-sepatu-sneakers-casual-svu-2.jpg','servodio-36-44-navy-sepatu-sneakers-casual-svu-3.jpg',221000,2,1,'ON','2023-10-03 11:16:03','2023-10-03 04:16:17',NULL),
	(22,'Servodio 36-44 Navy Sepatu Sneakers Casual - SVV','servodio-36-44-navy-sepatu-sneakers-casual-svv','Sepatu Sneakers Running Pria Sepatu Sport Shoes Casual Young Lifestyle Warna : Cream, Gray, Black Ukuran : 38,39,40,41,42,43,44 Panjang Insole Size 39 : 24.5 cm Size 40 : 25.5 cm Size 41 : 26.5 cm Size 42 : 27.5 cm Size 43 : 28 cm Size 44 : 28.5 cm Desain sepatu bergaya dinamis dan aktif, bisa digunakan untuk Sport maupun aktifitas sehari - hari. Sol nya Kuat dan ringan, Upper nya dari bahan Sintetis Leather yang berkualitas pastinya Fitur: Ringan, tidak licin, nyaman. *Ukuran Harap melihat gambar produk* Pengiriman dilakukan setiap hari, untuk orderan diatas jam 5 sore akan kami proses di hari berikutnya.','servodio-36-44-navy-sepatu-sneakers-casual-svv-1.jpg','servodio-36-44-navy-sepatu-sneakers-casual-svv-2.jpg','servodio-36-44-navy-sepatu-sneakers-casual-svv-3.png',122400,11,1,'ON','2023-10-03 11:17:07','2023-10-03 04:17:24',NULL),
	(23,'Servodio 36-44 Navy Sepatu Sneakers Casual - SVW','servodio-36-44-navy-sepatu-sneakers-casual-svw','Sepatu Sneakers Running Pria Sepatu Sport Shoes Casual Young Lifestyle Warna : Cream, Gray, Black Ukuran : 38,39,40,41,42,43,44 Panjang Insole Size 39 : 24.5 cm Size 40 : 25.5 cm Size 41 : 26.5 cm Size 42 : 27.5 cm Size 43 : 28 cm Size 44 : 28.5 cm Desain sepatu bergaya dinamis dan aktif, bisa digunakan untuk Sport maupun aktifitas sehari - hari. Sol nya Kuat dan ringan, Upper nya dari bahan Sintetis Leather yang berkualitas pastinya Fitur: Ringan, tidak licin, nyaman. *Ukuran Harap melihat gambar produk* Pengiriman dilakukan setiap hari, untuk orderan diatas jam 5 sore akan kami proses di hari berikutnya.','servodio-36-44-navy-sepatu-sneakers-casual-svw-1.jpg','servodio-36-44-navy-sepatu-sneakers-casual-svw-2.jpg','servodio-36-44-navy-sepatu-sneakers-casual-svw-3.jpg',165000,13,1,'ON','2023-10-03 11:18:43','2023-10-03 04:18:58',NULL),
	(24,'Servodio 36-44 Navy Sepatu Sneakers Casual - SVA','servodio-36-44-navy-sepatu-sneakers-casual-sva','Sepatu Sneakers Running Pria Sepatu Sport Shoes Casual Young Lifestyle Warna : Cream, Gray, Black Ukuran : 38,39,40,41,42,43,44 Panjang Insole Size 39 : 24.5 cm Size 40 : 25.5 cm Size 41 : 26.5 cm Size 42 : 27.5 cm Size 43 : 28 cm Size 44 : 28.5 cm Desain sepatu bergaya dinamis dan aktif, bisa digunakan untuk Sport maupun aktifitas sehari - hari. Sol nya Kuat dan ringan, Upper nya dari bahan Sintetis Leather yang berkualitas pastinya Fitur: Ringan, tidak licin, nyaman. *Ukuran Harap melihat gambar produk* Pengiriman dilakukan setiap hari, untuk orderan diatas jam 5 sore akan kami proses di hari berikutnya.','servodio-36-44-navy-sepatu-sneakers-casual-sva-1.jpg','servodio-36-44-navy-sepatu-sneakers-casual-sva-2.jpg','servodio-36-44-navy-sepatu-sneakers-casual-sva-3.jpg',175000,5,1,'ON','2023-10-03 14:54:29','2023-10-03 08:05:56',NULL),
	(25,'Servodio 36-44 Navy Sepatu Sneakers Casual - SVB','servodio-36-44-navy-sepatu-sneakers-casual-svb','Sepatu Sneakers Running Pria Sepatu Sport Shoes Casual Young Lifestyle Warna : Cream, Gray, Black Ukuran : 38,39,40,41,42,43,44 Panjang Insole Size 39 : 24.5 cm Size 40 : 25.5 cm Size 41 : 26.5 cm Size 42 : 27.5 cm Size 43 : 28 cm Size 44 : 28.5 cm Desain sepatu bergaya dinamis dan aktif, bisa digunakan untuk Sport maupun aktifitas sehari - hari. Sol nya Kuat dan ringan, Upper nya dari bahan Sintetis Leather yang berkualitas pastinya Fitur: Ringan, tidak licin, nyaman. *Ukuran Harap melihat gambar produk* Pengiriman dilakukan setiap hari, untuk orderan diatas jam 5 sore akan kami proses di hari berikutnya.','servodio-36-44-navy-sepatu-sneakers-casual-svb-1.jpg','servodio-36-44-navy-sepatu-sneakers-casual-svb-2.jpg','servodio-36-44-navy-sepatu-sneakers-casual-svb-3.jpg',168000,6,1,'ON','2023-10-03 14:55:39','2023-10-03 08:06:25',NULL),
	(26,'Servodio 36-44 Navy Sepatu Sneakers Casual - SVC','servodio-36-44-navy-sepatu-sneakers-casual-svc','Sepatu Sneakers Running Pria Sepatu Sport Shoes Casual Young Lifestyle Warna : Cream, Gray, Black Ukuran : 38,39,40,41,42,43,44 Panjang Insole Size 39 : 24.5 cm Size 40 : 25.5 cm Size 41 : 26.5 cm Size 42 : 27.5 cm Size 43 : 28 cm Size 44 : 28.5 cm Desain sepatu bergaya dinamis dan aktif, bisa digunakan untuk Sport maupun aktifitas sehari - hari. Sol nya Kuat dan ringan, Upper nya dari bahan Sintetis Leather yang berkualitas pastinya Fitur: Ringan, tidak licin, nyaman. *Ukuran Harap melihat gambar produk* Pengiriman dilakukan setiap hari, untuk orderan diatas jam 5 sore akan kami proses di hari berikutnya.','servodio-36-44-navy-sepatu-sneakers-casual-svc-1.jpg','servodio-36-44-navy-sepatu-sneakers-casual-svc-2.jpg','servodio-36-44-navy-sepatu-sneakers-casual-svc-3.jpg',128000,7,1,'ON','2023-10-03 14:56:24','2023-10-03 08:06:48',NULL),
	(27,'Servodio 36-44 Navy Sepatu Sneakers Casual - SVD','servodio-36-44-navy-sepatu-sneakers-casual-svd','Sepatu Sneakers Running Pria Sepatu Sport Shoes Casual Young Lifestyle Warna : Cream, Gray, Black Ukuran : 38,39,40,41,42,43,44 Panjang Insole Size 39 : 24.5 cm Size 40 : 25.5 cm Size 41 : 26.5 cm Size 42 : 27.5 cm Size 43 : 28 cm Size 44 : 28.5 cm Desain sepatu bergaya dinamis dan aktif, bisa digunakan untuk Sport maupun aktifitas sehari - hari. Sol nya Kuat dan ringan, Upper nya dari bahan Sintetis Leather yang berkualitas pastinya Fitur: Ringan, tidak licin, nyaman. *Ukuran Harap melihat gambar produk* Pengiriman dilakukan setiap hari, untuk orderan diatas jam 5 sore akan kami proses di hari berikutnya.','servodio-36-44-navy-sepatu-sneakers-casual-svd-1.jpg','servodio-36-44-navy-sepatu-sneakers-casual-svd-2.jpg','servodio-36-44-navy-sepatu-sneakers-casual-svd-3.jpg',156500,8,1,'ON','2023-10-03 14:57:15','2023-10-03 08:07:06',NULL),
	(28,'Servodio 36-44 Navy Sepatu Sneakers Casual - SVE','servodio-36-44-navy-sepatu-sneakers-casual-sve','Sepatu Sneakers Running Pria Sepatu Sport Shoes Casual Young Lifestyle Warna : Cream, Gray, Black Ukuran : 38,39,40,41,42,43,44 Panjang Insole Size 39 : 24.5 cm Size 40 : 25.5 cm Size 41 : 26.5 cm Size 42 : 27.5 cm Size 43 : 28 cm Size 44 : 28.5 cm Desain sepatu bergaya dinamis dan aktif, bisa digunakan untuk Sport maupun aktifitas sehari - hari. Sol nya Kuat dan ringan, Upper nya dari bahan Sintetis Leather yang berkualitas pastinya Fitur: Ringan, tidak licin, nyaman. *Ukuran Harap melihat gambar produk* Pengiriman dilakukan setiap hari, untuk orderan diatas jam 5 sore akan kami proses di hari berikutnya.','servodio-36-44-navy-sepatu-sneakers-casual-sve-1.jpg','servodio-36-44-navy-sepatu-sneakers-casual-sve-2.jpg','servodio-36-44-navy-sepatu-sneakers-casual-sve-3.jpg',144000,9,1,'ON','2023-10-03 14:58:16','2023-10-03 08:07:30',NULL),
	(29,'Servodio 36-44 Navy Sepatu Sneakers Casual - SVF','servodio-36-44-navy-sepatu-sneakers-casual-svf','Sepatu Sneakers Running Pria Sepatu Sport Shoes Casual Young Lifestyle Warna : Cream, Gray, Black Ukuran : 38,39,40,41,42,43,44 Panjang Insole Size 39 : 24.5 cm Size 40 : 25.5 cm Size 41 : 26.5 cm Size 42 : 27.5 cm Size 43 : 28 cm Size 44 : 28.5 cm Desain sepatu bergaya dinamis dan aktif, bisa digunakan untuk Sport maupun aktifitas sehari - hari. Sol nya Kuat dan ringan, Upper nya dari bahan Sintetis Leather yang berkualitas pastinya Fitur: Ringan, tidak licin, nyaman. *Ukuran Harap melihat gambar produk* Pengiriman dilakukan setiap hari, untuk orderan diatas jam 5 sore akan kami proses di hari berikutnya.','servodio-36-44-navy-sepatu-sneakers-casual-svf-1.jpg','servodio-36-44-navy-sepatu-sneakers-casual-svf-2.jpg','servodio-36-44-navy-sepatu-sneakers-casual-svf-3.jpg',190000,10,1,'ON','2023-10-03 14:59:23','2023-10-03 08:08:18',NULL),
	(30,'Servodio 36-44 Navy Sepatu Sneakers Casual - SVG','servodio-36-44-navy-sepatu-sneakers-casual-svg','Sepatu Sneakers Running Pria Sepatu Sport Shoes Casual Young Lifestyle Warna : Cream, Gray, Black Ukuran : 38,39,40,41,42,43,44 Panjang Insole Size 39 : 24.5 cm Size 40 : 25.5 cm Size 41 : 26.5 cm Size 42 : 27.5 cm Size 43 : 28 cm Size 44 : 28.5 cm Desain sepatu bergaya dinamis dan aktif, bisa digunakan untuk Sport maupun aktifitas sehari - hari. Sol nya Kuat dan ringan, Upper nya dari bahan Sintetis Leather yang berkualitas pastinya Fitur: Ringan, tidak licin, nyaman. *Ukuran Harap melihat gambar produk* Pengiriman dilakukan setiap hari, untuk orderan diatas jam 5 sore akan kami proses di hari berikutnya.','servodio-36-44-navy-sepatu-sneakers-casual-svg-1.jpg','servodio-36-44-navy-sepatu-sneakers-casual-svg-2.jpg','servodio-36-44-navy-sepatu-sneakers-casual-svg-3.jpg',156800,11,1,'ON','2023-10-03 15:00:30','2023-10-03 08:09:15',NULL),
	(31,'Servodio 36-44 Navy Sepatu Sneakers Casual - SVH','servodio-36-44-navy-sepatu-sneakers-casual-svh','Sepatu Sneakers Running Pria Sepatu Sport Shoes Casual Young Lifestyle Warna : Cream, Gray, Black Ukuran : 38,39,40,41,42,43,44 Panjang Insole Size 39 : 24.5 cm Size 40 : 25.5 cm Size 41 : 26.5 cm Size 42 : 27.5 cm Size 43 : 28 cm Size 44 : 28.5 cm Desain sepatu bergaya dinamis dan aktif, bisa digunakan untuk Sport maupun aktifitas sehari - hari. Sol nya Kuat dan ringan, Upper nya dari bahan Sintetis Leather yang berkualitas pastinya Fitur: Ringan, tidak licin, nyaman. *Ukuran Harap melihat gambar produk* Pengiriman dilakukan setiap hari, untuk orderan diatas jam 5 sore akan kami proses di hari berikutnya.','servodio-36-44-navy-sepatu-sneakers-casual-svh-1.jpg','servodio-36-44-navy-sepatu-sneakers-casual-svh-2.jpg','servodio-36-44-navy-sepatu-sneakers-casual-svh-3.jpg',177000,12,1,'ON','2023-10-03 15:01:32','2023-10-03 08:09:32',NULL),
	(32,'Servodio 36-44 Navy Sepatu Sneakers Casual - SVI','servodio-36-44-navy-sepatu-sneakers-casual-svi','Sepatu Sneakers Running Pria Sepatu Sport Shoes Casual Young Lifestyle Warna : Cream, Gray, Black Ukuran : 38,39,40,41,42,43,44 Panjang Insole Size 39 : 24.5 cm Size 40 : 25.5 cm Size 41 : 26.5 cm Size 42 : 27.5 cm Size 43 : 28 cm Size 44 : 28.5 cm Desain sepatu bergaya dinamis dan aktif, bisa digunakan untuk Sport maupun aktifitas sehari - hari. Sol nya Kuat dan ringan, Upper nya dari bahan Sintetis Leather yang berkualitas pastinya Fitur: Ringan, tidak licin, nyaman. *Ukuran Harap melihat gambar produk* Pengiriman dilakukan setiap hari, untuk orderan diatas jam 5 sore akan kami proses di hari berikutnya.','servodio-36-44-navy-sepatu-sneakers-casual-svi-1.jpg','servodio-36-44-navy-sepatu-sneakers-casual-svi-2.jpg','servodio-36-44-navy-sepatu-sneakers-casual-svi-3.jpg',112000,13,1,'ON','2023-10-03 15:02:55','2023-10-03 08:09:51',NULL),
	(33,'Servodio 36-44 Navy Sepatu Sneakers Casual - SVJ','servodio-36-44-navy-sepatu-sneakers-casual-svj','Sepatu Sneakers Running Pria Sepatu Sport Shoes Casual Young Lifestyle Warna : Cream, Gray, Black Ukuran : 38,39,40,41,42,43,44 Panjang Insole Size 39 : 24.5 cm Size 40 : 25.5 cm Size 41 : 26.5 cm Size 42 : 27.5 cm Size 43 : 28 cm Size 44 : 28.5 cm Desain sepatu bergaya dinamis dan aktif, bisa digunakan untuk Sport maupun aktifitas sehari - hari. Sol nya Kuat dan ringan, Upper nya dari bahan Sintetis Leather yang berkualitas pastinya Fitur: Ringan, tidak licin, nyaman. *Ukuran Harap melihat gambar produk* Pengiriman dilakukan setiap hari, untuk orderan diatas jam 5 sore akan kami proses di hari berikutnya.','servodio-36-44-navy-sepatu-sneakers-casual-svj-1.jpg','servodio-36-44-navy-sepatu-sneakers-casual-svj-2.jpg','servodio-36-44-navy-sepatu-sneakers-casual-svj-3.jpg',144000,14,1,'ON','2023-10-03 15:04:11','2023-10-03 08:10:47',NULL),
	(34,'tes produk','tes-produk','testing produk','tes-produk-1.jpg','tes-produk-2.jpg','tes-produk-3.jpeg',150000,5,1,'ON','2023-10-03 15:11:14',NULL,NULL),
	(35,'Servodio 36-44 Navy Sepatu Sneakers Casual - SVK','servodio-36-44-navy-sepatu-sneakers-casual-svk','Sepatu Sneakers Running Pria Sepatu Sport Shoes Casual Young Lifestyle Warna : Cream, Gray, Black Ukuran : 38,39,40,41,42,43,44 Panjang Insole Size 39 : 24.5 cm Size 40 : 25.5 cm Size 41 : 26.5 cm Size 42 : 27.5 cm Size 43 : 28 cm Size 44 : 28.5 cm Desain sepatu bergaya dinamis dan aktif, bisa digunakan untuk Sport maupun aktifitas sehari - hari. Sol nya Kuat dan ringan, Upper nya dari bahan Sintetis Leather yang berkualitas pastinya Fitur: Ringan, tidak licin, nyaman. *Ukuran Harap melihat gambar produk* Pengiriman dilakukan setiap hari, untuk orderan diatas jam 5 sore akan kami proses di hari berikutnya.','servodio-36-44-navy-sepatu-sneakers-casual-svk-1.jpg','servodio-36-44-navy-sepatu-sneakers-casual-svk-2.jpg','servodio-36-44-navy-sepatu-sneakers-casual-svk-3.jpg',121500,15,3,'ON','2023-10-03 15:28:32',NULL,NULL),
	(36,'Servodio 36-44 Navy Sepatu Sneakers Casual - SVL','servodio-36-44-navy-sepatu-sneakers-casual-svl','Sepatu Sneakers Running Pria Sepatu Sport Shoes Casual Young Lifestyle Warna : Cream, Gray, Black Ukuran : 38,39,40,41,42,43,44 Panjang Insole Size 39 : 24.5 cm Size 40 : 25.5 cm Size 41 : 26.5 cm Size 42 : 27.5 cm Size 43 : 28 cm Size 44 : 28.5 cm Desain sepatu bergaya dinamis dan aktif, bisa digunakan untuk Sport maupun aktifitas sehari - hari. Sol nya Kuat dan ringan, Upper nya dari bahan Sintetis Leather yang berkualitas pastinya Fitur: Ringan, tidak licin, nyaman. *Ukuran Harap melihat gambar produk* Pengiriman dilakukan setiap hari, untuk orderan diatas jam 5 sore akan kami proses di hari berikutnya.','servodio-36-44-navy-sepatu-sneakers-casual-svl-1.jpg','servodio-36-44-navy-sepatu-sneakers-casual-svl-2.jpg','servodio-36-44-navy-sepatu-sneakers-casual-svl-3.jpg',188000,16,3,'ON','2023-10-03 15:30:03',NULL,NULL),
	(37,'Servodio 36-44 Navy Sepatu Sneakers Casual - SVM','servodio-36-44-navy-sepatu-sneakers-casual-svm','Sepatu Sneakers Running Pria Sepatu Sport Shoes Casual Young Lifestyle Warna : Cream, Gray, Black Ukuran : 38,39,40,41,42,43,44 Panjang Insole Size 39 : 24.5 cm Size 40 : 25.5 cm Size 41 : 26.5 cm Size 42 : 27.5 cm Size 43 : 28 cm Size 44 : 28.5 cm Desain sepatu bergaya dinamis dan aktif, bisa digunakan untuk Sport maupun aktifitas sehari - hari. Sol nya Kuat dan ringan, Upper nya dari bahan Sintetis Leather yang berkualitas pastinya Fitur: Ringan, tidak licin, nyaman. *Ukuran Harap melihat gambar produk* Pengiriman dilakukan setiap hari, untuk orderan diatas jam 5 sore akan kami proses di hari berikutnya.','servodio-36-44-navy-sepatu-sneakers-casual-svm-1.jpg','servodio-36-44-navy-sepatu-sneakers-casual-svm-2.jpg','servodio-36-44-navy-sepatu-sneakers-casual-svm-3.jpg',121800,17,3,'ON','2023-10-03 15:32:21',NULL,NULL),
	(38,'Servodio 36-44 Navy Sepatu Sneakers Casual - SVN','servodio-36-44-navy-sepatu-sneakers-casual-svn','Sepatu Sneakers Running Pria Sepatu Sport Shoes Casual Young Lifestyle Warna : Cream, Gray, Black Ukuran : 38,39,40,41,42,43,44 Panjang Insole Size 39 : 24.5 cm Size 40 : 25.5 cm Size 41 : 26.5 cm Size 42 : 27.5 cm Size 43 : 28 cm Size 44 : 28.5 cm Desain sepatu bergaya dinamis dan aktif, bisa digunakan untuk Sport maupun aktifitas sehari - hari. Sol nya Kuat dan ringan, Upper nya dari bahan Sintetis Leather yang berkualitas pastinya Fitur: Ringan, tidak licin, nyaman. *Ukuran Harap melihat gambar produk* Pengiriman dilakukan setiap hari, untuk orderan diatas jam 5 sore akan kami proses di hari berikutnya.','servodio-36-44-navy-sepatu-sneakers-casual-svn-1.jpg','servodio-36-44-navy-sepatu-sneakers-casual-svn-2.jpg','servodio-36-44-navy-sepatu-sneakers-casual-svn-3.jpg',155000,18,3,'ON','2023-10-03 15:33:37',NULL,NULL),
	(39,'Servodio 36-44 Navy Sepatu Sneakers Casual - SVO','servodio-36-44-navy-sepatu-sneakers-casual-svo','Sepatu Sneakers Running Pria Sepatu Sport Shoes Casual Young Lifestyle Warna : Cream, Gray, Black Ukuran : 38,39,40,41,42,43,44 Panjang Insole Size 39 : 24.5 cm Size 40 : 25.5 cm Size 41 : 26.5 cm Size 42 : 27.5 cm Size 43 : 28 cm Size 44 : 28.5 cm Desain sepatu bergaya dinamis dan aktif, bisa digunakan untuk Sport maupun aktifitas sehari - hari. Sol nya Kuat dan ringan, Upper nya dari bahan Sintetis Leather yang berkualitas pastinya Fitur: Ringan, tidak licin, nyaman. *Ukuran Harap melihat gambar produk* Pengiriman dilakukan setiap hari, untuk orderan diatas jam 5 sore akan kami proses di hari berikutnya.','servodio-36-44-navy-sepatu-sneakers-casual-svo-1.jpg','servodio-36-44-navy-sepatu-sneakers-casual-svo-2.jpg','servodio-36-44-navy-sepatu-sneakers-casual-svo-3.jpg',165000,19,3,'ON','2023-10-03 15:34:56',NULL,NULL),
	(40,'Servodio 36-44 Navy Sepatu Sneakers Casual - SVP','servodio-36-44-navy-sepatu-sneakers-casual-svp','Sepatu Sneakers Running Pria Sepatu Sport Shoes Casual Young Lifestyle Warna : Cream, Gray, Black Ukuran : 38,39,40,41,42,43,44 Panjang Insole Size 39 : 24.5 cm Size 40 : 25.5 cm Size 41 : 26.5 cm Size 42 : 27.5 cm Size 43 : 28 cm Size 44 : 28.5 cm Desain sepatu bergaya dinamis dan aktif, bisa digunakan untuk Sport maupun aktifitas sehari - hari. Sol nya Kuat dan ringan, Upper nya dari bahan Sintetis Leather yang berkualitas pastinya Fitur: Ringan, tidak licin, nyaman. *Ukuran Harap melihat gambar produk* Pengiriman dilakukan setiap hari, untuk orderan diatas jam 5 sore akan kami proses di hari berikutnya.','servodio-36-44-navy-sepatu-sneakers-casual-svp-1.jpg','servodio-36-44-navy-sepatu-sneakers-casual-svp-2.jpg','servodio-36-44-navy-sepatu-sneakers-casual-svp-3.jpg',176200,20,3,'ON','2023-10-03 16:41:54',NULL,NULL),
	(41,'Servodio 36-44 Navy Sepatu Sneakers Casual - SVQ','servodio-36-44-navy-sepatu-sneakers-casual-svq','Sepatu Sneakers Running Pria Sepatu Sport Shoes Casual Young Lifestyle Warna : Cream, Gray, Black Ukuran : 38,39,40,41,42,43,44 Panjang Insole Size 39 : 24.5 cm Size 40 : 25.5 cm Size 41 : 26.5 cm Size 42 : 27.5 cm Size 43 : 28 cm Size 44 : 28.5 cm Desain sepatu bergaya dinamis dan aktif, bisa digunakan untuk Sport maupun aktifitas sehari - hari. Sol nya Kuat dan ringan, Upper nya dari bahan Sintetis Leather yang berkualitas pastinya Fitur: Ringan, tidak licin, nyaman. *Ukuran Harap melihat gambar produk* Pengiriman dilakukan setiap hari, untuk orderan diatas jam 5 sore akan kami proses di hari berikutnya.','servodio-36-44-navy-sepatu-sneakers-casual-svq-1.jpg','servodio-36-44-navy-sepatu-sneakers-casual-svq-2.jpg','servodio-36-44-navy-sepatu-sneakers-casual-svq-3.jpg',133000,21,3,'ON','2023-10-03 16:43:06',NULL,NULL),
	(42,'Servodio 36-44 Navy Sepatu Sneakers Casual - SVR','servodio-36-44-navy-sepatu-sneakers-casual-svr','Sepatu Sneakers Running Pria Sepatu Sport Shoes Casual Young Lifestyle Warna : Cream, Gray, Black Ukuran : 38,39,40,41,42,43,44 Panjang Insole Size 39 : 24.5 cm Size 40 : 25.5 cm Size 41 : 26.5 cm Size 42 : 27.5 cm Size 43 : 28 cm Size 44 : 28.5 cm Desain sepatu bergaya dinamis dan aktif, bisa digunakan untuk Sport maupun aktifitas sehari - hari. Sol nya Kuat dan ringan, Upper nya dari bahan Sintetis Leather yang berkualitas pastinya Fitur: Ringan, tidak licin, nyaman. *Ukuran Harap melihat gambar produk* Pengiriman dilakukan setiap hari, untuk orderan diatas jam 5 sore akan kami proses di hari berikutnya.','servodio-36-44-navy-sepatu-sneakers-casual-svr-1.jpg','servodio-36-44-navy-sepatu-sneakers-casual-svr-2.jpg','servodio-36-44-navy-sepatu-sneakers-casual-svr-3.jpg',156000,22,3,'ON','2023-10-03 16:43:52',NULL,NULL),
	(43,'Servodio 36-44 Navy Sepatu Sneakers Casual - SVS','servodio-36-44-navy-sepatu-sneakers-casual-svs','Sepatu Sneakers Running Pria Sepatu Sport Shoes Casual Young Lifestyle Warna : Cream, Gray, Black Ukuran : 38,39,40,41,42,43,44 Panjang Insole Size 39 : 24.5 cm Size 40 : 25.5 cm Size 41 : 26.5 cm Size 42 : 27.5 cm Size 43 : 28 cm Size 44 : 28.5 cm Desain sepatu bergaya dinamis dan aktif, bisa digunakan untuk Sport maupun aktifitas sehari - hari. Sol nya Kuat dan ringan, Upper nya dari bahan Sintetis Leather yang berkualitas pastinya Fitur: Ringan, tidak licin, nyaman. *Ukuran Harap melihat gambar produk* Pengiriman dilakukan setiap hari, untuk orderan diatas jam 5 sore akan kami proses di hari berikutnya.','servodio-36-44-navy-sepatu-sneakers-casual-svs-1.jpg','servodio-36-44-navy-sepatu-sneakers-casual-svs-2.jpg','servodio-36-44-navy-sepatu-sneakers-casual-svs-3.jpg',114000,23,3,'ON','2023-10-03 16:45:22',NULL,NULL),
	(44,'Servodio 36-44 Navy Sepatu Sneakers Casual - SVT','servodio-36-44-navy-sepatu-sneakers-casual-svt','Sepatu Sneakers Running Pria Sepatu Sport Shoes Casual Young Lifestyle Warna : Cream, Gray, Black Ukuran : 38,39,40,41,42,43,44 Panjang Insole Size 39 : 24.5 cm Size 40 : 25.5 cm Size 41 : 26.5 cm Size 42 : 27.5 cm Size 43 : 28 cm Size 44 : 28.5 cm Desain sepatu bergaya dinamis dan aktif, bisa digunakan untuk Sport maupun aktifitas sehari - hari. Sol nya Kuat dan ringan, Upper nya dari bahan Sintetis Leather yang berkualitas pastinya Fitur: Ringan, tidak licin, nyaman. *Ukuran Harap melihat gambar produk* Pengiriman dilakukan setiap hari, untuk orderan diatas jam 5 sore akan kami proses di hari berikutnya.','servodio-36-44-navy-sepatu-sneakers-casual-svt-1.jpg','servodio-36-44-navy-sepatu-sneakers-casual-svt-2.jpg','servodio-36-44-navy-sepatu-sneakers-casual-svt-3.jpg',192000,24,3,'ON','2023-10-03 16:46:18',NULL,NULL),
	(45,'Servodio 36-44 Navy Sepatu Sneakers Casual - SVU','servodio-36-44-navy-sepatu-sneakers-casual-svu','Sepatu Sneakers Running Pria Sepatu Sport Shoes Casual Young Lifestyle Warna : Cream, Gray, Black Ukuran : 38,39,40,41,42,43,44 Panjang Insole Size 39 : 24.5 cm Size 40 : 25.5 cm Size 41 : 26.5 cm Size 42 : 27.5 cm Size 43 : 28 cm Size 44 : 28.5 cm Desain sepatu bergaya dinamis dan aktif, bisa digunakan untuk Sport maupun aktifitas sehari - hari. Sol nya Kuat dan ringan, Upper nya dari bahan Sintetis Leather yang berkualitas pastinya Fitur: Ringan, tidak licin, nyaman. *Ukuran Harap melihat gambar produk* Pengiriman dilakukan setiap hari, untuk orderan diatas jam 5 sore akan kami proses di hari berikutnya.','servodio-36-44-navy-sepatu-sneakers-casual-svu-1.jpg','servodio-36-44-navy-sepatu-sneakers-casual-svu-2.jpg','servodio-36-44-navy-sepatu-sneakers-casual-svu-3.jpg',188000,25,5,'ON','2023-10-03 16:58:32',NULL,NULL),
	(46,'Servodio 36-44 Navy Sepatu Sneakers Casual - SVV','servodio-36-44-navy-sepatu-sneakers-casual-svv','Sepatu Sneakers Running Pria Sepatu Sport Shoes Casual Young Lifestyle Warna : Cream, Gray, Black Ukuran : 38,39,40,41,42,43,44 Panjang Insole Size 39 : 24.5 cm Size 40 : 25.5 cm Size 41 : 26.5 cm Size 42 : 27.5 cm Size 43 : 28 cm Size 44 : 28.5 cm Desain sepatu bergaya dinamis dan aktif, bisa digunakan untuk Sport maupun aktifitas sehari - hari. Sol nya Kuat dan ringan, Upper nya dari bahan Sintetis Leather yang berkualitas pastinya Fitur: Ringan, tidak licin, nyaman. *Ukuran Harap melihat gambar produk* Pengiriman dilakukan setiap hari, untuk orderan diatas jam 5 sore akan kami proses di hari berikutnya.','servodio-36-44-navy-sepatu-sneakers-casual-svv-1.jpg','servodio-36-44-navy-sepatu-sneakers-casual-svv-2.jpg','servodio-36-44-navy-sepatu-sneakers-casual-svv-3.jpg',155500,26,5,'ON','2023-10-03 16:59:21',NULL,NULL),
	(47,'Servodio 36-44 Navy Sepatu Sneakers Casual - SVW','servodio-36-44-navy-sepatu-sneakers-casual-svw','Sepatu Sneakers Running Pria Sepatu Sport Shoes Casual Young Lifestyle Warna : Cream, Gray, Black Ukuran : 38,39,40,41,42,43,44 Panjang Insole Size 39 : 24.5 cm Size 40 : 25.5 cm Size 41 : 26.5 cm Size 42 : 27.5 cm Size 43 : 28 cm Size 44 : 28.5 cm Desain sepatu bergaya dinamis dan aktif, bisa digunakan untuk Sport maupun aktifitas sehari - hari. Sol nya Kuat dan ringan, Upper nya dari bahan Sintetis Leather yang berkualitas pastinya Fitur: Ringan, tidak licin, nyaman. *Ukuran Harap melihat gambar produk* Pengiriman dilakukan setiap hari, untuk orderan diatas jam 5 sore akan kami proses di hari berikutnya.','servodio-36-44-navy-sepatu-sneakers-casual-svw-1.jpg','servodio-36-44-navy-sepatu-sneakers-casual-svw-2.jpg','servodio-36-44-navy-sepatu-sneakers-casual-svw-3.jpg',128000,27,5,'ON','2023-10-03 17:00:04',NULL,NULL),
	(48,'Servodio 36-44 Navy Sepatu Sneakers Casual - SVX','servodio-36-44-navy-sepatu-sneakers-casual-svx','Sepatu Sneakers Running Pria Sepatu Sport Shoes Casual Young Lifestyle Warna : Cream, Gray, Black Ukuran : 38,39,40,41,42,43,44 Panjang Insole Size 39 : 24.5 cm Size 40 : 25.5 cm Size 41 : 26.5 cm Size 42 : 27.5 cm Size 43 : 28 cm Size 44 : 28.5 cm Desain sepatu bergaya dinamis dan aktif, bisa digunakan untuk Sport maupun aktifitas sehari - hari. Sol nya Kuat dan ringan, Upper nya dari bahan Sintetis Leather yang berkualitas pastinya Fitur: Ringan, tidak licin, nyaman. *Ukuran Harap melihat gambar produk* Pengiriman dilakukan setiap hari, untuk orderan diatas jam 5 sore akan kami proses di hari berikutnya.','servodio-36-44-navy-sepatu-sneakers-casual-svx-1.jpg','servodio-36-44-navy-sepatu-sneakers-casual-svx-2.jpg','servodio-36-44-navy-sepatu-sneakers-casual-svx-3.jpg',171000,28,5,'ON','2023-10-03 17:00:48',NULL,NULL),
	(49,'Servodio 36-44 Navy Sepatu Sneakers Casual - SVY','servodio-36-44-navy-sepatu-sneakers-casual-svy','Sepatu Sneakers Running Pria Sepatu Sport Shoes Casual Young Lifestyle Warna : Cream, Gray, Black Ukuran : 38,39,40,41,42,43,44 Panjang Insole Size 39 : 24.5 cm Size 40 : 25.5 cm Size 41 : 26.5 cm Size 42 : 27.5 cm Size 43 : 28 cm Size 44 : 28.5 cm Desain sepatu bergaya dinamis dan aktif, bisa digunakan untuk Sport maupun aktifitas sehari - hari. Sol nya Kuat dan ringan, Upper nya dari bahan Sintetis Leather yang berkualitas pastinya Fitur: Ringan, tidak licin, nyaman. *Ukuran Harap melihat gambar produk* Pengiriman dilakukan setiap hari, untuk orderan diatas jam 5 sore akan kami proses di hari berikutnya.','servodio-36-44-navy-sepatu-sneakers-casual-svy-1.jpg','servodio-36-44-navy-sepatu-sneakers-casual-svy-2.jpg','servodio-36-44-navy-sepatu-sneakers-casual-svy-3.jpg',121200,5,5,'ON','2023-10-03 17:01:44',NULL,NULL),
	(50,'Servodio 36-44 Navy Sepatu Sneakers Casual - SVZ','servodio-36-44-navy-sepatu-sneakers-casual-svz','Sepatu Sneakers Running Pria Sepatu Sport Shoes Casual Young Lifestyle Warna : Cream, Gray, Black Ukuran : 38,39,40,41,42,43,44 Panjang Insole Size 39 : 24.5 cm Size 40 : 25.5 cm Size 41 : 26.5 cm Size 42 : 27.5 cm Size 43 : 28 cm Size 44 : 28.5 cm Desain sepatu bergaya dinamis dan aktif, bisa digunakan untuk Sport maupun aktifitas sehari - hari. Sol nya Kuat dan ringan, Upper nya dari bahan Sintetis Leather yang berkualitas pastinya Fitur: Ringan, tidak licin, nyaman. *Ukuran Harap melihat gambar produk* Pengiriman dilakukan setiap hari, untuk orderan diatas jam 5 sore akan kami proses di hari berikutnya.','servodio-36-44-navy-sepatu-sneakers-casual-svz-1.jpg','servodio-36-44-navy-sepatu-sneakers-casual-svz-2.jpg','servodio-36-44-navy-sepatu-sneakers-casual-svz-3.jpg',133000,6,5,'ON','2023-10-03 17:02:20',NULL,NULL),
	(51,'ULTRA EKIDEN HITAM','ultra-ekiden-hitam','ini deskripsi','hitam-iris-1.jpg',NULL,NULL,529900,5,11,'ON','2023-10-17 11:32:17','2023-10-17 14:19:38',NULL),
	(52,'FUJIWARA REANIMATION MERAH MARON','fujiwara-reanimation-merah-maron','deskripsi sederhana ataupun tidak sederhana','fujiwara-reanimation-merah-maron-1.jpg',NULL,NULL,599900,5,11,'ON','2023-10-17 14:51:17',NULL,NULL),
	(53,'EASY TRAIN','easy-train','data','satu-1.jpg',NULL,NULL,429900,11,11,'ON','2023-10-17 21:24:43','2023-10-17 14:26:28',NULL),
	(54,'dua','dua','data','dua-1.jpg',NULL,NULL,60000,5,11,'ON','2023-10-17 21:28:49',NULL,NULL),
	(55,'tiga','tiga','data','tiga-1.jpg',NULL,NULL,660000,5,11,'ON','2023-10-17 21:29:21',NULL,NULL),
	(56,'empat','empat','data','empat-1.jpg',NULL,NULL,700000,11,11,'ON','2023-10-17 21:32:04',NULL,NULL),
	(57,'lima','lima','data','lima-1.jpg',NULL,NULL,700000,5,11,'ON','2023-10-17 21:34:10',NULL,NULL),
	(58,'buccheri satu','buccheri-satu','sepatu wanita','buccheri-satu-1.jpeg',NULL,NULL,10000,14,1,'ON','2023-10-24 02:43:41',NULL,NULL),
	(59,'bucheri dua','bucheri-dua','sepatu wanita','bucheri-dua-1.jpeg',NULL,NULL,10000,14,1,'ON','2023-10-24 02:44:52',NULL,NULL);

/*!40000 ALTER TABLE `products` ENABLE KEYS */;
UNLOCK TABLES;


# Dump of table province
# ------------------------------------------------------------

DROP TABLE IF EXISTS `province`;

CREATE TABLE `province` (
  `province_idx` int(11) unsigned NOT NULL AUTO_INCREMENT,
  `province` varchar(255) NOT NULL DEFAULT '',
  PRIMARY KEY (`province_idx`)
) ENGINE=InnoDB DEFAULT CHARSET=utf8 COLLATE=utf8_general_ci;

LOCK TABLES `province` WRITE;
/*!40000 ALTER TABLE `province` DISABLE KEYS */;

INSERT INTO `province` (`province_idx`, `province`)
VALUES
	(1,'Bali'),
	(2,'Bangka Belitung'),
	(3,'Banten'),
	(4,'Bengkulu'),
	(5,'DI Yogyakarta'),
	(6,'DKI Jakarta'),
	(7,'Gorontalo'),
	(8,'Jambi'),
	(9,'Jawa Barat'),
	(10,'Jawa Tengah'),
	(11,'Jawa Timur'),
	(12,'Kalimantan Barat'),
	(13,'Kalimantan Selatan'),
	(14,'Kalimantan Tengah'),
	(15,'Kalimantan Timur'),
	(16,'Kalimantan Utara'),
	(17,'Kepulauan Riau'),
	(18,'Lampung'),
	(19,'Maluku'),
	(20,'Maluku Utara'),
	(21,'Nanggroe Aceh Darussalam (NAD)'),
	(22,'Nusa Tenggara Barat (NTB)'),
	(23,'Nusa Tenggara Timur (NTT)'),
	(24,'Papua'),
	(25,'Papua Barat'),
	(26,'Riau'),
	(27,'Sulawesi Barat'),
	(28,'Sulawesi Selatan'),
	(29,'Sulawesi Tengah'),
	(30,'Sulawesi Tenggara'),
	(31,'Sulawesi Utara'),
	(32,'Sumatera Barat'),
	(33,'Sumatera Selatan'),
	(34,'Sumatera Utara');

/*!40000 ALTER TABLE `province` ENABLE KEYS */;
UNLOCK TABLES;


# Dump of table tenant
# ------------------------------------------------------------

DROP TABLE IF EXISTS `tenant`;

CREATE TABLE `tenant` (
  `tenant_idx` int(11) unsigned NOT NULL AUTO_INCREMENT,
  `tenant_name` varchar(100) NOT NULL DEFAULT '',
  `email` varchar(100) NOT NULL DEFAULT '',
  `passwd` varchar(255) NOT NULL DEFAULT '',
  `phone` varchar(15) NOT NULL DEFAULT '',
  `logo` varchar(255) DEFAULT NULL,
  `city_idx` int(11) NOT NULL,
  `province_idx` int(11) NOT NULL,
  `facebook` varchar(50) DEFAULT NULL,
  `instagram` varchar(50) DEFAULT NULL,
  `linkedin` varchar(50) DEFAULT NULL,
  `twitter` varchar(50) DEFAULT NULL,
  `youtube` varchar(50) DEFAULT NULL,
  `tiktok` varchar(50) DEFAULT NULL,
  `tokopedia` varchar(50) DEFAULT NULL,
  `lazada` varchar(50) DEFAULT NULL,
  `shopee` varchar(50) DEFAULT NULL,
  `blibli` varchar(50) DEFAULT NULL,
  `status` enum('SUSPENDED','ACTIVE') NOT NULL DEFAULT 'ACTIVE',
  `created_at` datetime NOT NULL DEFAULT current_timestamp(),
  `updated_at` datetime DEFAULT NULL,
  `deleted_at` datetime DEFAULT NULL,
  PRIMARY KEY (`tenant_idx`),
  KEY `optimasi` (`tenant_name`,`email`,`passwd`)
) ENGINE=InnoDB DEFAULT CHARSET=latin1 COLLATE=latin1_swedish_ci;

LOCK TABLES `tenant` WRITE;
/*!40000 ALTER TABLE `tenant` DISABLE KEYS */;

INSERT INTO `tenant` (`tenant_idx`, `tenant_name`, `email`, `passwd`, `phone`, `logo`, `city_idx`, `province_idx`, `facebook`, `instagram`, `linkedin`, `twitter`, `youtube`, `tiktok`, `tokopedia`, `lazada`, `shopee`, `blibli`, `status`, `created_at`, `updated_at`, `deleted_at`)
VALUES
	(1,'Buccheri','yodi_chayadi@yahoo.com','$2y$10$LV0n5sqiqxV6SmzmNEIPoeI/dpN.BBlx6Wz4dycjkVjfPISbwB6KC','081219550240','bucceri logo.jpg',151,6,'','buccheri_id','','','buccheriindonesia864','buccheri_id','buccheriofficial','buccheriofficialshop','buccheriofficial','buccheriofficial','ACTIVE','2023-09-10 15:15:46',NULL,NULL),
	(2,'Aero Street','aero_street@email.com','$2y$10$cwyYFqS7qoeKegSPgtD9C.lnH4UeQ8Q4nMemMp5Iy9qHmfVkuIhFa','087798765432','aero-street.jpg',457,3,'@aero_street_facebook','@aero_street_ig','@aero_street_linkedin','@aero_street_twitter','@aero_street_youtube','@aero_street_tiktok','@aero_street_tokopedia','@aero_street_lazada','@aero_street_shopee','@aero_street_blibli','ACTIVE','2023-09-18 11:56:24',NULL,NULL),
	(3,'Brodo','brodo@gmail.com','$2y$10$Hm2IAXelodh.nw4QWRU7FO2NLtiLTCNMJV6CEHwnELNpJkCHEs9OS','081234567890','brodo.jpg',63,4,'@brodo_facebook','@brodo_instagram','@brodo_linkedin','@brodo_twitter','@brodo_youtube','@brodo_tiktok','@brodo_tokopedia','@brodo_lazada','@brodo_shopee','@brodo_blibli','ACTIVE','2023-10-03 13:08:58',NULL,NULL),
	(4,'Ventela','ventela@gmail.com','$2y$10$DEAfydn4DsMWT2Hi1qR3IOuRknpw0cXq8Obppzgfkx/k.tLhkusnK','081109876543','ventela.jpg',49,10,'@ventela_facebook','ventelashoes','@ventela_linkedin','@ventela_twitter','@ventela_youtube','ventela_tiktok','ventelashoesofficial','ventela-lnc','ventela_official_','@ventela_blibli','ACTIVE','2023-10-03 13:11:50',NULL,NULL),
	(5,'Patrobas','patrobas@gmail.com','$2y$10$13rDJ/Bd3L97mwsgWuepWesNDq4JiT2V.ziTBwQrUUyodgh46uFqO','085698765642','patrobas.jpg',156,8,'@patrobas_facebook','@patrobas_instagram','@patrobas_linkedin','@patrobas_twitter','@patrobas_youtube','@patrobas_tiktok','@patrobas_tokopedia','@patrobas_lazada','@patrobas_shopee','@patrobas_blibli','ACTIVE','2023-10-03 13:41:59',NULL,NULL),
	(6,'Nah Project','nah_project@gmail.com','$2y$10$ZE.p1TMndyMou2DFeYaz6.0CCMB8LPgZDwpCY0km.BabXrMkwpV7K','0987654321','yongki-logo.jpg',153,6,'nah_project_facebook','nah_project_instagram','nah_project_linkedin','nah_project_twitter','nah_project_youtube','nah_project_toktok','nah_project_tokopedia','nah_project_lazada','nah_project_shopee','nah_project_blibli','ACTIVE','2023-10-03 14:00:15',NULL,NULL),
	(7,'Patrobas2','patrobas2@gmail.com','bebek','0987654321','patrobas.jpg',0,0,'patrobas2_facebook','patrobas2_instagram','patrobas2_linkedin','patrobas2_twitter','patrobas2_youtube','patrobas2_tiktok','patrobas2_tokopedia','patrobas2_lazada','patrobas2_shopee','patrobas2_blibli','ACTIVE','2023-10-03 14:35:26',NULL,NULL),
	(8,'Shoes Indonesia','tes@mail.com','$2y$10$TfHNvAUa9XYcAsgwDLO8Zub9CuDsVH1Y5QDRj4q4U.6VkLM2dj1Ce','081234567890','brands.jpg',17,1,'test@facebook.com','test@instagram.com','test@linkedin.com','test@twitter.com','test@youtube.com','test@tiktok.com','test@tokopedia.com','test@lazada.com','test@shopee.com','test@blibli.com','ACTIVE','2023-10-03 14:41:29',NULL,NULL),
	(9,'asdcadsc','asdcasdc@gmail.com','bebek','0987654321','goodyear-welted-shoes.jpg',64,4,'asdvfaswdfasd','adsfasdf','asdfasdf','adfadf','aSDADFASD','ASDFASDF','adsfadsfa','asdasdf','asdfasdf','asdfadwf','ACTIVE','2023-10-03 14:43:32',NULL,NULL),
	(10,'Patroba2','patroba2@gmail.com','bebek','0987654321','brodo.jpg',77,7,'patroba2','patroba2','patroba2','patroba2','patroba2','patroba2','patroba2','patroba2','patroba2','patroba2','ACTIVE','2023-10-03 14:47:52',NULL,NULL),
	(11,'910NINETEN','vonas910@gmail.com','$2y$10$1fYJSFmfsZIqCjmoATV6mOwobAtJzqrfh/siVHR4jZGfHrSHv7VdS','6281382414781','910-logo-web.jpg',456,3,'910shoes','910shoes','910nineten','910shoes','910shoes3','910shoesofficial','910ninetenshoes','910','910sportswear','910-nineten','ACTIVE','2023-10-17 10:16:26',NULL,NULL);

/*!40000 ALTER TABLE `tenant` ENABLE KEYS */;
UNLOCK TABLES;


# Dump of table users
# ------------------------------------------------------------

DROP TABLE IF EXISTS `users`;

CREATE TABLE `users` (
  `user_idx` int(11) unsigned NOT NULL AUTO_INCREMENT,
  `fullname` varchar(50) NOT NULL,
  `email` varchar(50) NOT NULL,
  `passwd` varchar(255) NOT NULL,
  `role` enum('ADMINISTRATOR','OPERATOR') NOT NULL,
  `created_at` datetime NOT NULL DEFAULT current_timestamp(),
  `updated_at` datetime DEFAULT NULL,
  `deleted_at` datetime DEFAULT NULL,
  PRIMARY KEY (`user_idx`)
) ENGINE=InnoDB DEFAULT CHARSET=latin1 COLLATE=latin1_swedish_ci;

LOCK TABLES `users` WRITE;
/*!40000 ALTER TABLE `users` DISABLE KEYS */;

INSERT INTO `users` (`user_idx`, `fullname`, `email`, `passwd`, `role`, `created_at`, `updated_at`, `deleted_at`)
VALUES
	(1,'Manager','manager@eshoes.com','$2y$10$WlprelIcN6mLfedXIR6lvuUV046WtZZ/tqeXS4h9nAvB7tb4rXH9K','ADMINISTRATOR','2023-09-09 06:14:20',NULL,NULL),
	(2,'OPERATOR','cahyo@binali.co.id','$2y$10$1qwfy0tOFpgSDYPesZs9H.IuGI0vPuMrASkFVjD3DoATRlHvGJ1Fm','OPERATOR','2023-09-21 05:53:41',NULL,'2023-09-21 07:09:16'),
	(3,'Joni Operator','operator@email.com','$2y$10$yMQbNs2RRLGt7QKhq58u5uf/R8Y64SbzzM94PFcJmZvvWrmRDIo4G','OPERATOR','2023-09-21 06:12:20',NULL,NULL),
	(4,'ADMINISTRATOR','cahyo@binali.co.id','$2y$10$eizbQU6dslMNispufcURbuYLIykaHAbJI2xQ3AAprki.mQhoe66Di','ADMINISTRATOR','2023-09-21 08:03:54',NULL,NULL),
	(5,'Joni','joni@email.com','$2y$10$ErZZ2LWvS9MJnoLX9d4zXOki.Oz2l1vFmB12JC7j41I0dNntuKNgi','OPERATOR','2023-09-21 08:05:19',NULL,NULL);

/*!40000 ALTER TABLE `users` ENABLE KEYS */;
UNLOCK TABLES;



/*!40111 SET SQL_NOTES=@OLD_SQL_NOTES */;
/*!40101 SET SQL_MODE=@OLD_SQL_MODE */;
/*!40014 SET FOREIGN_KEY_CHECKS=@OLD_FOREIGN_KEY_CHECKS */;
/*!40101 SET CHARACTER_SET_CLIENT=@OLD_CHARACTER_SET_CLIENT */;
/*!40101 SET CHARACTER_SET_RESULTS=@OLD_CHARACTER_SET_RESULTS */;
/*!40101 SET COLLATION_CONNECTION=@OLD_COLLATION_CONNECTION */;
